Chromosome	End	cM
chr1	0	0.000
chr1	103861	0.000
chr1	120704	0.337
chr1	192327	0.337
chr1	197967	0.673
chr1	198649	0.673
chr1	213988	1.010
chr1	451236	1.010
chr1	477457	1.347
chr1	499073	1.347
chr1	531690	1.684
chr1	652912	1.684
chr1	688509	1.785
chr1	732142	2.245
chr1	771485	2.357
chr1	876296	2.357
chr1	891877	2.694
chr1	927892	2.694
chr1	986139	3.030
chr1	1451245	3.030
chr1	1489675	3.367
chr1	1609944	3.367
chr1	1649126	3.704
chr1	1684089	3.704
chr1	1738266	4.040
chr1	1781968	4.040
chr1	1923918	5.051
chr1	1996320	5.387
chr1	2491895	5.387
chr1	2529606	5.724
chr1	2567042	5.724
chr1	2583678	6.061
chr1	2602893	6.061
chr1	2637736	6.397
chr1	2891169	6.397
chr1	3000134	7.071
chr1	3031748	7.071
chr1	3086986	7.744
chr1	3089618	7.744
chr1	3102314	7.866
chr1	3118992	8.529
chr1	3124579	8.807
chr1	3124829	8.812
chr1	3186715	9.428
chr1	3207526	9.428
chr1	3215125	9.508
chr1	3239396	10.435
chr1	3239511	10.438
chr1	3322027	10.438
chr1	3355749	11.111
chr1	3554556	11.111
chr1	3569002	11.448
chr1	3606005	11.448
chr1	3635321	11.684
chr1	3647783	11.872
chr1	3648155	11.874
chr1	3683349	12.457
chr1	3683488	12.458
chr1	3726170	12.458
chr1	3726226	12.459
chr1	3759840	13.319
chr1	3786614	13.468
chr1	3786658	13.468
chr1	3842322	13.805
chr1	3870213	13.805
chr1	3893107	14.142
chr1	3937823	14.142
chr1	3971414	14.478
chr1	3989140	15.152
chr1	4197529	15.152
chr1	4219862	15.488
chr1	4233212	15.488
chr1	4337247	16.162
chr1	4412111	16.162
chr1	4432875	16.499
chr1	4432990	16.499
chr1	4535569	16.835
chr1	4535787	16.835
chr1	4615958	17.172
chr1	4632479	17.172
chr1	4672595	17.509
chr1	4789821	17.509
chr1	4987256	17.845
chr1	5086834	17.845
chr1	5121582	18.182
chr1	5165259	18.182
chr1	5185711	18.519
chr1	5243045	18.519
chr1	5307901	18.855
chr1	5417054	18.855
chr1	5428121	18.963
chr1	5451751	19.529
chr1	5591845	19.529
chr1	5591874	19.529
chr1	5660971	20.845
chr1	5667895	20.876
chr1	5750951	20.876
chr1	5764605	21.212
chr1	5781862	21.212
chr1	5802001	21.549
chr1	5814113	21.549
chr1	5833411	21.886
chr1	5973814	21.886
chr1	5977842	22.222
chr1	5977878	22.222
chr1	6025314	22.559
chr1	6050465	22.559
chr1	6103033	23.233
chr1	6113123	23.233
chr1	6125327	23.325
chr1	6139732	23.507
chr1	6184931	24.415
chr1	6192026	24.505
chr1	6201791	24.579
chr1	6287327	24.579
chr1	6327546	24.916
chr1	6369337	24.916
chr1	6484967	25.253
chr1	6520920	25.253
chr1	6549278	25.589
chr1	6766780	25.589
chr1	6826702	25.926
chr1	6931865	25.926
chr1	6973058	26.600
chr1	7035640	26.600
chr1	7093732	26.936
chr1	7136993	26.936
chr1	7137054	26.937
chr1	7211406	27.585
chr1	7217373	27.610
chr1	7232413	27.610
chr1	7232417	27.610
chr1	7288407	28.618
chr1	7288784	28.620
chr1	7288909	28.620
chr1	7289128	28.956
chr1	7379817	28.956
chr1	7398333	29.293
chr1	7761963	29.293
chr1	7816032	29.630
chr1	7918663	29.630
chr1	7936950	29.678
chr1	8047230	30.975
chr1	8047378	30.977
chr1	8047680	30.977
chr1	8111863	31.313
chr1	8111893	31.313
chr1	8146732	31.987
chr1	8241169	31.987
chr1	8252365	32.324
chr1	8278008	32.324
chr1	8318574	32.660
chr1	8336803	32.660
chr1	8357855	32.763
chr1	8402687	33.319
chr1	8405743	33.334
chr1	8437219	33.334
chr1	8534943	33.670
chr1	8790741	33.670
chr1	8858807	34.007
chr1	9075906	34.007
chr1	9163401	34.680
chr1	9593298	34.680
chr1	9624089	34.974
chr1	9628604	35.031
chr1	9677759	35.182
chr1	9733872	35.690
chr1	9733902	35.691
chr1	10484858	35.691
chr1	10538539	36.027
chr1	10618042	36.027
chr1	10634681	36.364
chr1	11081811	36.364
chr1	11081843	36.364
chr1	11120072	37.629
chr1	11123459	37.711
chr1	11401453	37.711
chr1	11443511	38.047
chr1	11443901	38.047
chr1	11443952	38.048
chr1	11452880	38.255
chr1	11461235	38.619
chr1	11461264	38.620
chr1	11485867	39.337
chr1	11528578	39.710
chr1	11534140	39.731
chr1	12078354	39.731
chr1	12107430	40.068
chr1	12168363	40.068
chr1	12200915	40.404
chr1	12648220	40.404
chr1	12763104	41.415
chr1	12852543	41.415
chr1	12881931	41.751
chr1	12920806	41.751
chr1	12980327	42.088
chr1	13426982	42.088
chr1	13464718	42.425
chr1	13602636	42.425
chr1	13624755	42.761
chr1	13737489	42.761
chr1	13815860	43.137
chr1	13858097	44.013
chr1	13858140	44.013
chr1	13878060	44.221
chr1	13878080	44.221
chr1	13917856	45.115
chr1	13918064	45.118
chr1	13927038	45.118
chr1	13957291	45.455
chr1	13991796	45.455
chr1	14028944	45.792
chr1	14073479	45.792
chr1	14138932	46.128
chr1	14178031	46.128
chr1	14285486	46.802
chr1	14314319	46.802
chr1	14342929	47.139
chr1	14378787	47.139
chr1	14397790	47.475
chr1	14461667	47.475
chr1	14468732	47.812
chr1	14530453	47.812
chr1	14613912	48.149
chr1	14787021	48.149
chr1	14918250	49.157
chr1	14918494	49.159
chr1	14980064	49.495
chr1	15021559	49.495
chr1	15054662	50.169
chr1	15150616	50.169
chr1	15178560	50.506
chr1	15289281	50.506
chr1	15392944	50.842
chr1	15443976	50.842
chr1	15480298	51.179
chr1	15517991	51.179
chr1	15562849	51.516
chr1	15613373	51.516
chr1	15657625	51.852
chr1	15696973	51.852
chr1	15728650	52.526
chr1	15777932	52.526
chr1	15789695	52.862
chr1	15807350	52.862
chr1	15822005	53.199
chr1	15831906	53.199
chr1	15890251	53.536
chr1	16311962	53.536
chr1	16380853	54.209
chr1	16381093	54.209
chr1	16435284	54.546
chr1	17206585	54.546
chr2	0	0.000
chr2	96121	0.000
chr2	113925	0.337
chr2	116500	0.337
chr2	138426	0.673
chr2	182357	0.673
chr2	225607	1.010
chr2	251559	1.010
chr2	386557	1.347
chr2	432136	1.347
chr2	560167	2.020
chr2	565125	2.020
chr2	604290	2.357
chr2	650690	2.357
chr2	684464	2.694
chr2	778702	2.694
chr2	813000	2.869
chr2	839156	3.339
chr2	844721	3.367
chr2	958005	3.367
chr2	1027017	3.704
chr2	1027272	3.704
chr2	1076677	4.040
chr2	1090658	4.040
chr2	1090693	4.041
chr2	1170385	4.648
chr2	1170752	4.649
chr2	1189223	5.049
chr2	1189688	5.051
chr2	1189714	5.051
chr2	1207598	5.387
chr2	1280425	5.724
chr2	1280728	5.724
chr2	1311361	5.894
chr2	1330402	6.673
chr2	1341417	6.734
chr2	1341825	6.734
chr2	1357490	7.071
chr2	1414783	7.071
chr2	1441510	7.407
chr2	1468332	7.407
chr2	1468350	7.408
chr2	1529406	8.414
chr2	1530068	8.418
chr2	1597237	8.418
chr2	1644577	8.754
chr2	1684965	8.754
chr2	1722969	9.091
chr2	1787341	9.091
chr2	1814819	9.428
chr2	1939629	9.428
chr2	1990648	9.764
chr2	2044025	9.764
chr2	2080336	10.101
chr2	2080438	10.101
chr2	2083803	10.438
chr2	2090112	10.438
chr2	2148996	10.774
chr2	2169169	10.774
chr2	2193899	11.448
chr2	2203371	11.448
chr2	2236761	11.785
chr2	2248947	11.785
chr2	2339290	12.121
chr2	2339532	12.121
chr2	2386466	12.456
chr2	2386768	12.471
chr2	2394052	12.795
chr2	2491385	12.795
chr2	2499994	13.131
chr2	2536185	13.131
chr2	2597988	13.468
chr2	2598258	13.468
chr2	2673922	14.142
chr2	2735360	14.142
chr2	2825940	14.478
chr2	3009305	14.478
chr2	3075303	14.815
chr2	3120506	14.815
chr2	3160888	15.152
chr2	3162320	15.152
chr2	3207540	15.825
chr2	3232830	15.825
chr2	3248001	15.944
chr2	3268580	16.443
chr2	3318370	16.835
chr2	3333846	17.172
chr2	3345965	17.236
chr2	3373297	17.717
chr2	3397460	17.845
chr2	3509247	18.060
chr2	3572699	18.822
chr2	3609326	19.319
chr2	3650890	19.462
chr2	3670216	19.641
chr2	3708767	19.865
chr2	3812294	19.865
chr2	3831922	20.202
chr2	3972459	20.202
chr2	3999536	20.539
chr2	4429043	20.539
chr2	4542388	20.876
chr2	4542492	20.876
chr2	4639631	21.851
chr2	4644930	21.886
chr2	4762034	21.886
chr2	4836837	22.222
chr2	4852933	22.222
chr2	4868304	22.285
chr2	4969401	23.035
chr2	5017800	23.232
chr2	5119704	23.232
chr2	5119956	23.235
chr2	5187314	23.984
chr2	5300654	24.116
chr2	5336957	24.494
chr2	5393562	24.560
chr2	5399958	24.904
chr2	5399977	24.904
chr2	5410111	24.938
chr2	5410191	25.275
chr2	5553159	25.589
chr2	5553427	25.589
chr2	5686360	25.841
chr2	5731161	26.261
chr2	5731426	26.599
chr2	5731431	26.600
chr2	5731447	26.600
chr2	5755741	26.676
chr2	5763466	27.037
chr2	5763475	27.037
chr2	5838270	27.545
chr2	5856155	27.946
chr2	5856195	27.946
chr2	5856319	27.946
chr2	5900783	28.283
chr2	5927387	28.283
chr2	5954129	28.620
chr2	5958284	28.620
chr2	6044013	28.956
chr2	6287647	28.956
chr2	6309216	29.293
chr2	6324952	29.293
chr2	6398959	29.630
chr2	6707662	29.630
chr2	6751160	29.967
chr2	6756636	29.967
chr2	6846069	30.977
chr2	6846353	30.977
chr2	6888237	31.113
chr2	6927393	31.576
chr2	6950122	31.650
chr2	6964879	31.650
chr2	6972483	31.987
chr2	6994112	31.987
chr2	7045832	32.323
chr2	7086149	32.323
chr2	7091809	33.334
chr2	7180392	33.334
chr2	7187305	33.670
chr2	7187651	33.670
chr2	7205857	34.007
chr2	7208954	34.007
chr2	7250215	34.252
chr2	7265690	34.680
chr2	7265708	34.680
chr2	7266390	34.680
chr2	7286067	34.817
chr2	7315073	35.423
chr2	7315084	35.423
chr2	7382278	36.700
chr2	7382449	36.701
chr2	7415301	36.701
chr2	7516167	37.270
chr2	7590689	38.364
chr2	7601764	38.384
chr2	7619334	38.384
chr2	7698077	38.721
chr2	7724287	38.721
chr2	7769326	39.058
chr2	7785821	39.058
chr2	7795999	39.394
chr2	7796421	39.394
chr2	7796430	39.395
chr2	7807730	40.065
chr2	7807806	40.068
chr2	7826394	40.068
chr2	7841375	40.404
chr2	7943622	40.404
chr2	7958686	40.507
chr2	7958852	40.509
chr2	8027390	41.983
chr2	8027408	41.983
chr2	8092493	42.425
chr2	8095308	42.425
chr2	8128564	42.761
chr2	8128933	42.761
chr2	8147815	43.098
chr2	8152378	43.098
chr2	8205048	43.435
chr2	8238615	43.435
chr2	8254210	43.771
chr2	8313497	43.771
chr2	8316050	44.108
chr2	8459851	44.108
chr2	8482852	44.782
chr2	8583677	44.782
chr2	8637598	44.993
chr2	8669472	45.310
chr2	8702263	45.507
chr2	8749677	46.128
chr2	8749699	46.128
chr2	8878289	46.128
chr2	8900096	46.802
chr2	8971353	46.802
chr2	8971382	47.475
chr2	9045316	47.475
chr3	0	0.000
chr3	256427	0.000
chr3	288358	0.337
chr3	488388	0.337
chr3	516010	0.673
chr3	516718	0.673
chr3	539830	1.010
chr3	576396	1.010
chr3	581265	1.238
chr3	598011	2.688
chr3	598151	2.694
chr3	632940	2.694
chr3	660849	3.030
chr3	830189	3.030
chr3	861362	3.367
chr3	895030	3.367
chr3	945591	3.704
chr3	974183	3.704
chr3	1002192	4.017
chr3	1004329	4.057
chr3	1087051	4.714
chr3	1087072	4.714
chr3	1087074	4.714
chr3	1125937	6.616
chr3	1146862	6.734
chr3	1146920	6.734
chr3	1223245	7.071
chr3	1223289	7.071
chr3	1223395	7.071
chr3	1286084	7.744
chr3	1286086	7.744
chr3	1319589	7.744
chr3	1373526	8.019
chr3	1385604	8.418
chr3	1385679	8.418
chr3	1450501	8.754
chr3	1586618	8.754
chr3	1645997	9.084
chr3	1647266	9.138
chr3	1654853	9.417
chr3	1655138	9.430
chr3	1706181	9.765
chr3	1782355	9.765
chr3	1817084	10.101
chr3	1833819	10.101
chr3	1894263	10.438
chr3	1922198	10.438
chr3	2038467	10.775
chr3	2078529	10.775
chr3	2088261	11.111
chr3	2088276	11.111
chr3	2088297	11.111
chr3	2133488	11.625
chr3	2174318	11.785
chr3	2191309	11.785
chr3	2200721	12.121
chr3	2226637	12.121
chr3	2276734	12.458
chr3	2277066	12.458
chr3	2308413	12.795
chr3	2368424	12.795
chr3	2427940	13.132
chr3	2429615	13.132
chr3	2451928	13.468
chr3	2452147	13.468
chr3	2502035	13.805
chr3	2503711	13.805
chr3	2504758	13.807
chr3	2597080	14.461
chr3	2647026	15.151
chr3	2647078	15.152
chr3	2647106	15.152
chr3	2647145	15.152
chr3	2690040	15.489
chr3	2771972	15.489
chr3	2825523	15.825
chr3	2846042	15.825
chr3	2881250	16.499
chr3	2919548	16.499
chr3	2974477	16.835
chr3	2975484	16.835
chr3	2998561	16.900
chr3	3096119	17.455
chr3	3114644	17.509
chr3	3117961	17.509
chr3	3125099	17.845
chr3	3193936	17.845
chr3	3295673	18.044
chr3	3366536	18.519
chr3	3407692	18.519
chr3	3462356	18.856
chr3	3477808	18.856
chr3	3478413	18.859
chr3	3541955	19.437
chr3	3542001	19.437
chr3	3542018	19.437
chr3	3644481	20.381
chr3	3644704	20.382
chr3	3704308	21.408
chr3	3704405	21.409
chr3	3704447	21.409
chr3	3714022	21.468
chr3	3740880	21.685
chr3	3740999	21.685
chr3	3850052	22.483
chr3	3850176	22.483
chr3	3863551	22.509
chr3	3889891	22.896
chr3	3889913	22.896
chr3	3889928	22.896
chr3	3897809	22.923
chr3	3938155	24.068
chr3	3938629	24.070
chr3	3989960	24.497
chr3	4006600	24.580
chr3	4006967	24.580
chr3	4024587	24.916
chr3	4024624	24.916
chr3	4094645	25.253
chr3	4232882	25.253
chr3	4232903	25.253
chr3	4304386	25.775
chr3	4362569	25.926
chr3	4362824	25.926
chr3	4400563	26.111
chr3	4431658	26.499
chr3	4444932	26.600
chr3	4578726	26.600
chr3	4654695	27.273
chr3	4759223	27.273
chr3	4765490	27.388
chr3	4814377	28.617
chr3	4814556	28.620
chr3	4814628	28.620
chr3	4924090	28.957
chr3	4924111	28.957
chr3	4975972	29.164
chr3	5008227	29.544
chr3	5062789	29.967
chr3	5062792	29.967
chr3	5247380	30.276
chr3	5263860	30.348
chr3	5372377	30.949
chr3	5382367	30.977
chr3	5551043	31.419
chr3	5622435	31.943
chr3	5639097	31.987
chr3	5642602	31.987
chr3	5657567	32.064
chr3	5658520	32.406
chr3	5707764	32.937
chr3	5718488	32.997
chr3	5878682	32.997
chr3	5890205	33.334
chr3	5890750	33.334
chr3	5971602	34.007
chr3	6058369	34.007
chr3	6102506	34.344
chr3	6323775	34.344
chr3	6372342	34.681
chr3	6853582	34.681
chr3	6923565	35.017
chr3	7164975	35.017
chr3	7224558	35.354
chr3	7247278	35.354
chr3	7290501	35.691
chr3	7365184	35.691
chr3	7379066	35.774
chr3	7421351	36.363
chr3	7421566	36.364
chr3	7528826	36.758
chr3	7605080	37.862
chr3	7622239	38.048
chr3	7658523	38.048
chr3	7689332	38.156
chr3	7737464	38.662
chr3	7770375	38.778
chr3	7846632	39.383
chr3	7846996	39.385
chr3	7860468	39.614
chr3	7871858	39.853
chr3	7945471	40.396
chr3	7947820	40.405
chr3	7971426	40.405
chr3	8019720	40.741
chr3	8052199	40.741
chr3	8123565	41.078
chr3	8142055	41.078
chr3	8228239	41.751
chr3	8232528	41.751
chr3	8293320	42.088
chr3	8316109	42.088
chr3	8338965	42.425
chr3	8375684	42.425
chr3	8429247	42.762
chr3	8575705	42.762
chr3	8593580	43.435
chr3	8644972	43.435
chr3	8663893	43.772
chr3	8707593	43.772
chr3	8719825	43.835
chr3	8720160	43.838
chr3	8838334	45.209
chr3	8838346	45.209
chr3	8906740	45.455
chr3	9035996	45.455
chr3	9103596	45.792
chr3	9103644	45.792
chr3	9144960	46.129
chr3	9146167	46.129
chr3	9147968	46.137
chr3	9174484	46.603
chr3	9284649	47.139
chr3	9533286	47.139
chr3	9557587	47.475
chr3	9620903	47.475
chr3	9660689	47.895
chr3	9667527	47.977
chr3	9748555	49.279
chr3	9748593	49.280
chr3	9905472	49.496
chr3	9909341	49.496
chr3	9915879	49.832
chr3	10013852	49.832
chr3	10029218	50.169
chr3	10541528	50.169
chr4	0	0.000
chr4	239768	0.000
chr4	240021	0.002
chr4	273174	0.578
chr4	286454	0.673
chr4	311667	0.673
chr4	314330	1.010
chr4	314617	1.010
chr4	331588	1.347
chr4	359757	1.347
chr4	364575	2.357
chr4	688724	2.357
chr4	702978	2.694
chr4	909176	2.694
chr4	935851	3.030
chr4	970185	3.030
chr4	1136840	3.367
chr4	1191437	3.367
chr4	1224135	3.704
chr4	1298683	3.704
chr4	1337810	4.040
chr4	1337970	4.040
chr4	1423875	5.051
chr4	1555385	5.051
chr4	1555558	5.387
chr4	1567728	5.387
chr4	1605362	5.724
chr4	1702473	5.724
chr4	1749919	5.884
chr4	1796286	6.378
chr4	1802024	6.397
chr4	1877445	6.397
chr4	2014500	6.732
chr4	2015264	6.737
chr4	2062357	6.899
chr4	2111829	7.158
chr4	2112019	7.160
chr4	2252344	9.091
chr4	2252361	9.091
chr4	2252363	9.091
chr4	2388037	9.091
chr4	2431281	9.764
chr4	2533579	9.764
chr4	2533976	10.101
chr4	2672862	10.101
chr4	2696676	10.438
chr4	2879179	10.438
chr4	2969553	10.774
chr4	2969567	10.774
chr4	2969790	10.777
chr4	3005242	11.097
chr4	3081229	12.121
chr4	3081255	12.121
chr4	3081498	12.121
chr4	3116799	12.458
chr4	3164005	12.458
chr4	3190153	12.795
chr4	3190361	12.795
chr4	3191501	12.818
chr4	3206604	13.223
chr4	3206665	13.224
chr4	3246800	14.466
chr4	3269454	15.030
chr4	3283364	15.152
chr4	3369983	15.152
chr4	3379229	15.488
chr4	3379610	15.488
chr4	3398871	15.605
chr4	3435181	16.162
chr4	3435210	16.162
chr4	3437814	16.162
chr4	3440908	16.499
chr4	3530669	16.499
chr4	3536970	16.554
chr4	3569142	17.168
chr4	3569555	17.172
chr4	3766661	17.172
chr4	3767335	17.175
chr4	3790602	17.394
chr4	3838461	18.178
chr4	3838693	18.181
chr4	3838978	18.182
chr4	3925646	18.182
chr4	3944743	18.300
chr4	4020313	19.105
chr4	4034409	19.192
chr4	4045118	19.192
chr4	4078375	19.866
chr4	4138386	19.866
chr4	4211666	20.202
chr4	4219089	20.202
chr4	4279846	20.539
chr4	4355284	20.539
chr4	4377550	21.886
chr4	4509882	21.886
chr4	4550681	22.222
chr4	4612053	22.222
chr4	4793880	23.425
chr4	4866363	25.924
chr4	4866648	25.926
chr4	4938318	25.926
chr4	4984762	26.263
chr4	5013986	26.263
chr4	5052497	26.600
chr4	5053143	26.600
chr4	5075228	26.936
chr4	5075721	26.936
chr4	5081723	26.960
chr4	5081865	26.962
chr4	5129189	27.693
chr4	5159434	27.946
chr4	5159462	27.946
chr4	5176582	28.039
chr4	5221500	28.617
chr4	5221892	28.620
chr4	5244226	28.620
chr4	5251353	28.957
chr4	5304094	28.957
chr4	5324814	29.293
chr4	5325603	29.293
chr4	5390398	29.630
chr4	5698869	29.630
chr4	5757092	30.130
chr4	5777310	30.388
chr4	5837935	30.640
chr4	5943101	30.640
chr4	5959530	30.730
chr4	5972153	31.136
chr4	6004443	31.313
chr4	6020281	31.313
chr4	6045132	31.650
chr4	6045457	31.650
chr4	6081854	31.987
chr4	6100944	31.987
chr4	6115567	32.660
chr4	6191653	32.660
chr4	6225060	32.997
chr4	6324701	33.334
chr4	6497640	33.334
chr4	6505168	33.670
chr4	6706434	33.670
chr4	6774541	34.007
chr4	6802636	34.007
chr4	6941460	36.207
chr4	6951353	36.424
chr4	7052920	37.037
chr4	7072267	37.037
chr4	7114481	37.374
chr4	7210763	37.374
chr4	7211022	37.376
chr4	7251609	38.045
chr4	7251887	38.048
chr4	7252707	38.056
chr4	7285958	38.531
chr4	7286054	38.532
chr4	7286299	38.535
chr4	7328865	39.389
chr4	7329186	39.394
chr4	7329281	39.394
chr4	7401232	39.394
chr4	7401492	39.395
chr4	7545572	39.974
chr4	7545692	39.974
chr4	7586996	40.717
chr4	7601269	40.741
chr4	7683671	40.741
chr4	7715089	41.078
chr4	7749168	41.078
chr4	7799558	41.415
chr4	7837401	41.595
chr4	7869986	42.088
chr4	7869991	42.088
chr4	7900423	42.088
chr4	7937017	42.761
chr4	7937690	42.761
chr4	8080335	43.098
chr4	8080634	43.098
chr4	8080705	43.098
chr4	8153807	43.701
chr4	8173234	43.771
chr4	8195016	43.771
chr4	8228222	44.108
chr4	8228262	44.108
chr4	8228283	44.108
chr4	8228603	44.112
chr4	8272079	44.770
chr4	8318621	45.116
chr4	8319337	45.118
chr4	8380161	45.118
chr4	8437332	46.465
chr4	8437350	46.465
chr4	8438949	47.139
chr4	8438991	47.139
chr4	8449992	47.475
chr4	8717559	47.475
chr4	8740125	47.613
chr4	8772851	47.915
chr4	8846735	48.441
chr4	8858040	48.485
chr4	8875233	48.485
chr4	8922208	49.159
chr4	8922380	49.159
chr4	9003102	49.495
chr4	9020716	49.495
chr4	9060923	49.654
chr4	9106190	50.035
chr4	9109385	50.049
chr4	9135906	50.504
chr4	9136242	50.506
chr4	9662098	50.506
chr5	0	0.000
chr5	253477	0.000
chr5	289737	0.673
chr5	406833	0.673
chr5	454613	1.010
chr5	471165	1.010
chr5	555809	1.347
chr5	649561	1.347
chr5	661954	1.684
chr5	662440	1.684
chr5	670350	2.357
chr5	1093142	2.357
chr5	1129842	3.030
chr5	1361326	3.030
chr5	1399490	3.274
chr5	1414147	3.500
chr5	1414178	3.500
chr5	1496467	4.580
chr5	1496720	4.583
chr5	1511233	4.891
chr5	1524372	5.051
chr5	1593364	5.051
chr5	1606572	5.387
chr5	1614815	5.387
chr5	1634244	5.724
chr5	1644430	5.724
chr5	1705857	6.061
chr5	1706145	6.061
chr5	1807547	6.397
chr5	1925587	6.397
chr5	1945423	6.734
chr5	2106492	6.734
chr5	2189901	8.418
chr5	2289252	8.418
chr5	2400966	8.754
chr5	2485112	8.754
chr5	2525203	9.091
chr5	2786296	9.091
chr5	2842755	9.428
chr5	2842758	9.428
chr5	2909465	9.764
chr5	2924618	10.101
chr5	3029798	10.101
chr5	3029828	10.774
chr5	3057862	10.774
chr5	3117370	11.706
chr5	3135355	11.785
chr5	3289794	11.785
chr5	3318991	12.121
chr5	3319159	12.121
chr5	3352768	13.131
chr5	3356877	13.131
chr5	3433459	13.468
chr5	3438401	13.468
chr5	3465218	13.728
chr5	3473178	13.845
chr5	3531332	14.141
chr5	3531468	14.141
chr5	3562582	14.815
chr5	3725024	14.815
chr5	3736531	15.488
chr5	3739607	15.488
chr5	3810518	15.825
chr5	3851664	15.825
chr5	3926740	16.162
chr5	3965470	16.162
chr5	3965664	16.163
chr5	3965794	16.164
chr5	4082632	17.691
chr5	4082671	17.691
chr5	4192975	18.182
chr5	4251453	18.182
chr5	4313690	18.519
chr5	4437784	18.855
chr5	4446139	18.855
chr5	4593403	19.192
chr5	4596369	19.192
chr5	4610492	19.529
chr5	4705271	19.529
chr5	4754420	19.865
chr5	4758994	19.865
chr5	4772229	20.202
chr5	4790110	20.202
chr5	4805482	20.605
chr5	4868401	20.876
chr5	4868519	20.876
chr5	4903992	21.040
chr5	4941106	21.628
chr5	4941144	21.629
chr5	4941498	21.637
chr5	4974461	22.763
chr5	4994054	23.233
chr5	5037600	23.233
chr5	5046733	23.569
chr5	5240381	23.569
chr5	5243374	23.648
chr5	5265532	24.570
chr5	5265877	24.579
chr5	5318722	24.916
chr5	5344432	24.916
chr5	5344813	24.921
chr5	5361149	25.463
chr5	5371153	25.589
chr5	5371359	25.589
chr5	5467318	25.926
chr5	5491786	25.926
chr5	5539819	26.263
chr5	5542378	26.263
chr5	5568309	26.568
chr5	5571022	26.606
chr5	5607776	26.687
chr5	5698555	27.226
chr5	5719623	27.273
chr5	5770457	27.273
chr5	5825084	27.610
chr5	5852503	27.610
chr5	5907662	27.946
chr5	5908201	27.946
chr5	5960809	28.283
chr5	6035995	28.283
chr5	6058019	28.687
chr5	6146983	28.957
chr5	6146984	28.957
chr5	6158920	29.293
chr5	6158989	29.293
chr5	6194534	29.630
chr5	6195699	29.630
chr5	6238829	29.967
chr5	6287592	29.967
chr5	6364050	30.303
chr5	6368535	30.303
chr5	6393901	30.640
chr5	6417869	30.640
chr5	6417872	30.640
chr5	6440777	31.313
chr5	6440794	31.313
chr5	6523315	31.313
chr5	6590505	31.650
chr5	6624060	31.650
chr5	6678200	31.987
chr5	6705878	31.987
chr5	6748022	32.324
chr5	6748102	32.324
chr5	6789924	33.670
chr5	6822650	33.670
chr5	6892556	34.007
chr5	7005338	34.007
chr5	7023651	34.344
chr5	7039109	34.344
chr5	7071791	34.680
chr5	7283606	34.680
chr5	7358290	35.017
chr5	7358673	35.017
chr5	7433300	35.354
chr5	7433612	35.354
chr5	7468411	35.691
chr5	7468895	35.691
chr5	7508274	36.290
chr5	7519386	36.364
chr5	7537427	36.364
chr5	7647785	36.726
chr5	7721913	37.306
chr5	7763811	37.444
chr5	7845021	38.200
chr5	7875590	38.384
chr5	7937989	38.384
chr5	7975428	38.721
chr5	7975709	38.721
chr5	7981955	38.758
chr5	8033044	39.393
chr5	8033295	39.394
chr5	8033297	39.394
chr5	8089769	39.731
chr5	8110048	39.731
chr5	8192166	39.977
chr5	8219602	40.396
chr5	8222373	40.404
chr5	8242613	40.404
chr5	8266329	41.078
chr5	8271192	41.078
chr5	8278927	41.751
chr5	8279120	41.752
chr5	8333026	42.739
chr5	8350905	43.306
chr5	8358128	43.434
chr5	8358317	43.435
chr5	8375447	43.435
chr5	8407315	44.445
chr5	8676953	44.445
chr5	8676956	44.445
chr5	8724514	45.116
chr5	8724801	45.118
chr5	8751400	45.118
chr5	8780222	45.455
chr5	8830905	45.455
chr5	8860854	46.465
chr5	8861095	46.465
chr5	9025310	47.475
chr5	9025392	47.475
chr5	9032027	47.812
chr5	9032735	47.812
chr5	9076825	48.149
chr5	9086208	48.149
chr5	9117190	48.485
chr5	9369437	48.485
chr5	9369534	48.486
chr5	9409472	49.072
chr5	9423215	49.159
chr5	9497592	49.159
chr5	9497604	49.159
chr5	9499155	49.513
chr5	9527621	49.832
chr5	9528781	49.832
chr5	9594321	50.169
chr5	9908586	50.169
chr6	0	0.000
chr6	198032	0.000
chr6	239728	0.337
chr6	356585	0.337
chr6	377116	0.673
chr6	464288	0.673
chr6	540249	1.684
chr6	677667	1.684
chr6	708631	2.020
chr6	758990	2.020
chr6	777457	2.357
chr6	777466	2.357
chr6	778324	2.694
chr6	793372	2.694
chr6	842317	3.030
chr6	842404	3.030
chr6	899199	3.367
chr6	974623	3.367
chr6	975570	3.383
chr6	994683	4.036
chr6	994931	4.040
chr6	995043	4.377
chr6	1298691	4.377
chr6	1298774	4.714
chr6	1364771	4.714
chr6	1399953	4.862
chr6	1444491	5.386
chr6	1444593	5.387
chr6	1567713	5.387
chr6	1615273	6.061
chr6	1655952	6.061
chr6	1670130	6.397
chr6	1687876	6.397
chr6	1688171	6.734
chr6	1688185	6.734
chr6	1759026	7.071
chr6	1793464	7.071
chr6	1805189	7.209
chr6	1821953	7.744
chr6	1821982	7.744
chr6	1941435	7.744
chr6	2024137	8.081
chr6	2255063	8.081
chr6	2308113	8.418
chr6	2355430	8.418
chr6	2408175	8.754
chr6	2526446	8.754
chr6	2559963	9.245
chr6	2641342	11.111
chr6	2695939	11.111
chr6	2701789	11.448
chr6	2780330	11.448
chr6	2791365	12.121
chr6	2851249	12.121
chr6	2862581	12.458
chr6	2946529	12.458
chr6	3019535	12.795
chr6	3019844	12.795
chr6	3055819	13.131
chr6	3065400	13.131
chr6	3084568	13.468
chr6	3148735	13.468
chr6	3149072	13.470
chr6	3170577	13.910
chr6	3218735	14.142
chr6	3334393	14.142
chr6	3334974	14.143
chr6	3436225	14.814
chr6	3436534	14.815
chr6	3450792	14.815
chr6	3450997	14.821
chr6	3509080	16.683
chr6	3556778	16.835
chr6	3618211	16.835
chr6	3667249	17.172
chr6	3701019	17.172
chr6	3791271	17.509
chr6	3791579	17.509
chr6	3855940	17.845
chr6	3855997	17.846
chr6	3886823	18.182
chr6	3887161	18.182
chr6	3927517	18.519
chr6	3959470	18.519
chr6	3981076	18.855
chr6	3987663	18.855
chr6	3987924	18.858
chr6	4019416	19.529
chr6	4019433	19.529
chr6	4063511	19.529
chr6	4088083	19.865
chr6	4127671	19.865
chr6	4172336	20.202
chr6	4218753	20.202
chr6	4272373	20.539
chr6	4272769	20.539
chr6	4329352	21.212
chr6	4340674	21.212
chr6	4365853	21.549
chr6	4366600	21.549
chr6	4401457	21.886
chr6	4474286	21.886
chr6	4474586	21.891
chr6	4493218	22.436
chr6	4503907	22.559
chr6	4702006	22.559
chr6	4702049	22.559
chr6	4795009	23.141
chr6	4829694	23.233
chr6	4849509	23.233
chr6	4852437	23.260
chr6	4922519	24.242
chr6	4922574	24.243
chr6	4953659	24.243
chr6	4973088	24.292
chr6	5068227	24.868
chr6	5068267	24.868
chr6	5087482	24.990
chr6	5155812	25.253
chr6	5156002	25.253
chr6	5184612	25.589
chr6	5295153	25.589
chr6	5318026	25.926
chr6	5318030	25.926
chr6	5375680	26.263
chr6	5465437	27.271
chr6	5465750	27.273
chr6	5514652	27.273
chr6	5549885	27.610
chr6	5559064	27.610
chr6	5559468	27.611
chr6	5601087	28.715
chr6	5683410	28.902
chr6	5749780	29.726
chr6	5750480	29.728
chr6	5855456	30.640
chr6	5855482	30.640
chr6	5855500	30.640
chr6	5886822	31.312
chr6	5886938	31.313
chr6	6056319	31.313
chr6	6068247	31.397
chr6	6112099	32.042
chr6	6112123	32.043
chr6	6152080	32.660
chr6	6740805	32.660
chr6	6795044	32.995
chr6	6795341	33.000
chr6	6832559	33.334
chr6	6925333	33.334
chr6	6941901	33.670
chr6	7552632	33.670
chr6	7638994	34.007
chr6	7670793	34.007
chr6	7733054	34.344
chr6	7846208	34.344
chr6	7861184	34.660
chr6	7862173	34.683
chr6	7996207	35.017
chr6	8126146	35.017
chr6	8242890	35.354
chr6	8307102	35.354
chr6	8352295	36.024
chr6	8352490	36.029
chr6	8362871	36.136
chr6	8384922	36.422
chr6	8453333	36.601
chr6	8521034	37.115
chr6	8532466	37.145
chr6	8620099	38.384
chr6	8620133	38.384
chr6	8778174	38.384
chr6	8778406	39.394
chr6	8820499	39.394
chr6	8868410	39.731
chr6	8885797	39.731
chr6	9005066	40.068
chr6	9078122	40.068
chr6	9090168	40.404
chr6	9091975	40.404
chr6	9103359	40.741
chr6	9113236	40.741
chr6	9229939	41.078
chr6	9277342	41.078
chr6	9377487	41.415
chr6	9476881	41.415
chr6	9543977	41.751
chr6	9555132	41.751
chr6	9584065	42.088
chr6	9715458	42.088
chr6	9744744	42.425
chr6	9745295	42.425
chr6	9814443	42.761
chr6	9891059	42.761
chr6	9895183	42.788
chr6	9895197	42.788
chr6	9924215	43.650
chr6	9924226	43.650
chr6	9942931	43.771
chr6	10021873	43.771
chr6	10026967	44.108
chr6	10063535	44.108
chr6	10066022	44.145
chr6	10073063	44.587
chr6	10086158	44.782
chr6	10086198	44.782
chr6	10106637	45.118
chr6	10178981	45.118
chr6	10179004	45.118
chr6	10209289	45.252
chr6	10297089	45.976
chr6	10297124	45.976
chr6	10297164	45.976
chr6	10366000	46.421
chr6	10394440	46.465
chr6	10436123	46.465
chr6	10452885	46.802
chr6	10457489	47.139
chr6	10476535	47.812
chr6	10668390	47.812
chr6	10691184	48.149
chr6	10892801	48.149
chr6	10894919	48.485
chr6	10983419	48.485
chr6	10992611	48.822
chr6	11059174	48.822
chr6	11068158	48.858
chr6	11138779	49.475
chr6	11143944	49.495
chr6	11263696	49.495
chr6	11442568	49.832
chr6	11594730	49.832
chr6	11626318	50.169
chr6	11626514	50.169
chr6	11668488	50.506
chr6	11762124	50.506
chr6	11762149	50.506
chr6	11823467	51.179
chr6	11823468	51.179
chr6	12171032	51.179
chr6	12327251	51.516
chr6	12390954	51.516
chr6	12402964	51.852
chr6	12499266	51.852
chr6	12509754	52.189
chr6	12581410	52.189
chr6	12661463	52.526
chr6	12725525	52.526
chr6	12788579	52.862
chr6	12788586	52.862
chr6	12902984	53.091
chr6	12949317	53.521
chr6	12956989	53.536
chr6	13124873	53.536
chr6	13154696	53.602
chr6	13228872	54.103
chr6	13276625	54.209
chr6	13369885	54.209
chr6	13390489	54.546
chr6	14054175	54.546
chr7	0	0.000
chr7	496689	0.000
chr7	542136	0.337
chr7	559732	0.337
chr7	587472	0.673
chr7	715896	0.673
chr7	720532	1.010
chr7	859959	1.010
chr7	874843	1.347
chr7	1005959	1.347
chr7	1012932	1.423
chr7	1034254	1.991
chr7	1036895	2.020
chr7	1103054	2.020
chr7	1171538	2.357
chr7	1442357	2.357
chr7	1457376	2.694
chr7	1471163	2.694
chr7	1501685	3.030
chr7	1648724	3.030
chr7	1801623	3.367
chr7	1870177	3.704
chr7	1870183	3.704
chr7	1882829	4.040
chr7	1967933	4.040
chr7	2031014	4.377
chr7	2104844	4.377
chr7	2106603	4.393
chr7	2142904	5.050
chr7	2142981	5.051
chr7	2143298	5.051
chr7	2189968	5.387
chr7	2190209	5.387
chr7	2190275	5.388
chr7	2239495	5.933
chr7	2239658	5.934
chr7	2269113	6.395
chr7	2269566	6.397
chr7	2269774	6.397
chr7	2288954	6.734
chr7	2324983	6.734
chr7	2325391	6.736
chr7	2415094	7.406
chr7	2415393	7.408
chr7	2524441	7.408
chr7	2546877	7.744
chr7	2546918	7.744
chr7	2583111	8.754
chr7	2623886	8.754
chr7	2623922	8.754
chr7	2729805	9.380
chr7	2729943	9.381
chr7	2747208	9.577
chr7	2807646	10.101
chr7	3165643	10.101
chr7	3232088	10.438
chr7	3244013	10.438
chr7	3346540	10.775
chr7	3718973	10.775
chr7	3805246	11.111
chr7	3838287	11.111
chr7	3857793	11.164
chr7	3925154	11.683
chr7	3962929	11.785
chr7	3963247	11.785
chr7	3996339	12.121
chr7	4179407	12.121
chr7	4197911	12.458
chr7	4229510	12.458
chr7	4276610	12.795
chr7	4621014	12.795
chr7	4650690	12.894
chr7	4679302	13.326
chr7	4679379	13.326
chr7	4714331	13.780
chr7	4714616	13.781
chr7	4714730	13.782
chr7	4755210	14.572
chr7	4757388	14.597
chr7	4822805	14.815
chr7	4823248	14.815
chr7	4844058	15.152
chr7	5021040	15.152
chr7	5039608	15.368
chr7	5049985	15.548
chr7	5098615	15.825
chr7	5189803	16.162
chr7	5189855	16.162
chr7	5212506	16.498
chr7	5212723	16.498
chr7	5326090	17.509
chr7	5435569	17.509
chr7	5456886	17.845
chr7	5478597	17.845
chr7	5479020	17.847
chr7	5556616	18.854
chr7	5556990	18.855
chr7	5557002	18.855
chr7	5593353	18.948
chr7	5689722	19.434
chr7	5718134	19.505
chr7	5727636	19.612
chr7	5795002	21.209
chr7	5795221	21.212
chr7	6035371	21.212
chr7	6077965	21.549
chr7	6227737	21.549
chr7	6493617	21.802
chr7	6546586	22.525
chr7	6549471	22.528
chr7	6581655	23.232
chr7	6581999	23.233
chr7	6629807	23.446
chr7	6657511	23.655
chr7	6738316	23.906
chr7	6738408	23.906
chr7	6767904	24.208
chr7	6804102	24.914
chr7	6804347	24.916
chr7	7070000	24.916
chr7	7083819	24.950
chr7	7206704	25.549
chr7	7223631	25.589
chr7	7349186	25.589
chr7	7377184	25.926
chr7	7387974	25.926
chr7	7437256	26.600
chr7	7772859	26.600
chr7	7772872	26.600
chr7	7791183	27.063
chr7	7795111	27.499
chr7	7795680	27.514
chr7	7804781	27.610
chr7	7807560	27.610
chr7	7827037	27.946
chr7	7845348	27.946
chr7	7925359	28.283
chr7	7988207	28.283
chr7	8014437	28.620
chr7	8181239	28.620
chr7	8226627	28.957
chr7	8233603	28.957
chr7	8233999	28.958
chr7	8310917	29.530
chr7	8343629	29.630
chr7	8426122	29.630
chr7	8426341	29.634
chr7	8444093	30.303
chr7	8444111	30.303
chr7	9360209	30.303
chr7	9369315	30.640
chr7	9405541	30.640
chr7	9434228	30.977
chr7	9601105	30.977
chr7	9601343	30.978
chr7	9663652	31.599
chr7	9674898	31.650
chr7	9805119	31.650
chr7	9811894	32.324
chr7	9905978	32.324
chr7	9912950	32.367
chr7	9913050	32.369
chr7	9959613	33.200
chr7	9994164	33.600
chr7	10015626	33.670
chr7	10040886	33.670
chr7	10040926	33.671
chr7	10099896	34.267
chr7	10117350	34.344
chr7	10128160	34.344
chr7	10183989	34.821
chr7	10395039	35.354
chr7	10402711	35.354
chr7	10530513	37.037
chr7	10586407	37.037
chr7	10605228	37.711
chr7	10860250	37.711
chr7	10880234	38.048
chr7	10880883	38.048
chr7	10917481	38.384
chr7	10917694	38.384
chr7	10917728	38.721
chr7	11006626	38.721
chr7	11016034	39.058
chr7	11017911	39.058
chr7	11055920	39.394
chr7	11075621	39.394
chr7	11095277	39.564
chr7	11108361	40.014
chr7	11124894	40.156
chr7	11153658	40.557
chr7	11155318	40.566
chr7	11187939	41.077
chr7	11188195	41.078
chr7	11209384	41.315
chr7	11228927	41.870
chr7	11308717	42.761
chr7	11331488	42.761
chr7	11388993	43.098
chr7	11404831	43.098
chr7	11456968	43.435
chr7	11501066	43.435
chr7	11580528	43.772
chr7	11580647	43.772
chr7	11598404	44.108
chr7	11700981	44.108
chr7	11719077	44.445
chr7	11798020	44.445
chr7	11859054	44.782
chr7	12366765	44.782
chr7	12425274	45.118
chr7	12492753	45.118
chr7	12513842	46.128
chr7	12513987	46.128
chr7	12525569	46.465
chr7	12537196	46.465
chr7	12572091	46.703
chr7	12572263	46.706
chr7	12586570	47.021
chr7	12616151	47.473
chr7	12616490	47.475
chr7	12685946	47.475
chr7	12712036	47.539
chr7	12823895	48.006
chr7	12872865	48.428
chr7	12906192	48.485
chr7	12954425	48.485
chr7	12989181	50.169
chr7	12989467	50.169
chr7	13101318	50.842
chr7	13327735	50.842
chr7	13377162	51.516
chr7	13382762	51.516
chr7	13391612	51.852
chr7	13706605	51.852
chr7	13752584	52.189
chr7	14308859	52.189
chr8	0	0.000
chr8	482943	0.000
chr8	509344	0.673
chr8	509620	0.673
chr8	509723	0.674
chr8	591428	1.716
chr8	626611	2.020
chr8	654226	2.020
chr8	654538	2.357
chr8	654677	2.357
chr8	682035	2.694
chr8	687689	2.694
chr8	888867	3.367
chr8	889424	3.367
chr8	948190	3.569
chr8	973630	3.993
chr8	987465	4.040
chr8	1147347	4.040
chr8	1161460	4.377
chr8	1205135	4.377
chr8	1205266	4.378
chr8	1306415	4.935
chr8	1306446	4.936
chr8	1359199	6.263
chr8	1359271	6.265
chr8	1390136	7.648
chr8	1438302	8.754
chr8	1438512	8.754
chr8	1438517	8.754
chr8	1474496	9.425
chr8	1474793	9.429
chr8	1540390	9.764
chr8	1540761	9.764
chr8	1558726	10.101
chr8	1558789	10.101
chr8	1594042	10.438
chr8	1613092	10.438
chr8	1626029	11.111
chr8	1681933	11.111
chr8	1751277	11.785
chr8	1753821	11.785
chr8	1753856	11.785
chr8	1784619	12.272
chr8	1822758	12.458
chr8	1823164	12.458
chr8	1879070	12.699
chr8	1901442	13.466
chr8	1901511	13.468
chr8	1929278	13.468
chr8	2008118	14.142
chr8	2008156	14.142
chr8	2063872	15.483
chr8	2064288	15.488
chr8	2145854	15.488
chr8	2168488	15.825
chr8	2209782	15.825
chr8	2264243	16.499
chr8	2264551	16.499
chr8	2281210	16.530
chr8	2428282	17.413
chr8	2444187	17.979
chr8	2444196	17.980
chr8	2496551	19.529
chr8	2496608	19.529
chr8	2615489	20.202
chr8	2690378	20.202
chr8	2695903	20.254
chr8	2718466	20.804
chr8	2761784	21.212
chr8	2864900	21.212
chr8	2908927	21.549
chr8	2908974	21.549
chr8	2971166	22.896
chr8	2980198	22.896
chr8	3048897	23.233
chr8	3057999	23.313
chr8	3087238	23.906
chr8	3368816	23.906
chr8	3456221	24.243
chr8	3662198	24.243
chr8	3680300	24.579
chr8	3950238	24.579
chr8	3993341	24.916
chr8	4024330	24.916
chr8	4042335	25.253
chr8	4137843	25.253
chr8	4138059	25.254
chr8	4160464	25.763
chr8	4160753	25.766
chr8	4181670	26.013
chr8	4242053	26.263
chr8	4275892	26.263
chr8	4342896	26.600
chr8	4477706	26.600
chr8	4535674	26.936
chr8	4563729	27.273
chr8	4616815	27.946
chr8	4645929	27.946
chr8	4694959	28.110
chr8	4747003	28.696
chr8	4779857	28.957
chr8	4850121	28.957
chr8	4914921	29.137
chr8	4971089	29.452
chr8	4971611	29.453
chr8	5034147	29.965
chr8	5034275	29.966
chr8	5034482	29.970
chr8	5034864	29.975
chr8	5057280	30.640
chr8	5057289	30.640
chr8	5092266	30.640
chr8	5149149	30.977
chr8	5285899	31.593
chr8	5298721	31.749
chr8	5373770	32.324
chr8	5453662	32.324
chr8	5474139	32.660
chr8	6093195	32.660
chr8	6132005	32.997
chr8	6161554	32.997
chr8	6194205	33.334
chr8	6342140	33.334
chr8	6409931	33.513
chr8	6409943	33.850
chr8	6469309	34.007
chr8	6618682	34.007
chr8	6645281	34.258
chr8	6690036	34.965
chr8	6698275	35.017
chr8	6737455	35.017
chr8	6759313	35.354
chr8	6804403	35.354
chr8	6839931	35.589
chr8	6875266	36.160
chr8	6906039	36.364
chr8	6907896	36.364
chr8	6929174	37.037
chr8	6989602	37.037
chr8	7033239	37.374
chr8	7050227	37.374
chr8	7070866	38.048
chr8	7118212	38.048
chr8	7150454	38.208
chr8	7186065	38.720
chr8	7186129	38.721
chr8	7186460	38.721
chr8	7239102	39.058
chr8	7261104	39.058
chr8	7261181	39.058
chr8	7362292	40.540
chr8	7392407	40.681
chr8	7393289	41.022
chr8	7405294	41.078
chr8	7408680	41.078
chr8	7422850	41.415
chr8	7548455	41.415
chr8	7590315	41.751
chr8	7670707	42.224
chr8	7704840	42.750
chr8	7704908	42.752
chr8	7728933	43.206
chr8	7740881	44.084
chr8	7741244	44.107
chr8	7741267	44.108
chr8	7741584	44.108
chr8	7770820	44.445
chr8	7771239	44.445
chr8	7835496	44.782
chr8	8073349	44.782
chr8	8131748	45.455
chr8	8166487	45.455
chr8	8215091	45.792
chr8	8215179	45.792
chr8	8294917	46.129
chr8	8325518	46.129
chr8	8395733	46.465
chr8	8407636	46.465
chr8	8438114	47.139
chr8	8519489	47.139
chr8	8545983	47.475
chr8	8689645	47.475
chr8	8748622	47.812
chr8	8802252	47.812
chr8	8811429	48.149
chr8	8843733	48.149
chr8	8895270	48.486
chr8	9046130	48.486
chr8	9107518	49.159
chr8	9196889	49.159
chr8	9210817	49.496
chr8	9254387	49.496
chr8	9270256	49.832
chr8	9320449	49.832
chr9	0	0.000
chr9	101609	0.000
chr9	123787	0.337
chr9	166987	0.337
chr9	219988	1.010
chr9	596610	1.010
chr9	671037	1.347
chr9	671149	1.347
chr9	687999	2.020
chr9	733846	2.694
chr9	771005	2.694
chr9	817608	3.030
chr9	941345	3.030
chr9	970187	4.040
chr9	1059725	4.040
chr9	1098742	4.714
chr9	1105806	4.714
chr9	1163652	5.051
chr9	1180646	5.051
chr9	1228752	5.724
chr9	1228885	5.724
chr9	1357735	6.059
chr9	1358320	6.087
chr9	1425957	9.091
chr9	1552335	9.091
chr9	1568023	9.428
chr9	1644443	9.428
chr9	1683738	10.053
chr9	1707956	10.638
chr9	1716047	10.705
chr9	1724089	11.109
chr9	1724382	11.111
chr9	1798935	11.111
chr9	1821003	11.448
chr9	1821344	11.448
chr9	1867755	12.121
chr9	1946043	12.121
chr9	1946112	12.795
chr9	1985843	12.795
chr9	2039918	13.131
chr9	2113814	13.131
chr9	2113869	13.468
chr9	2265135	13.468
chr9	2419925	15.488
chr9	2478484	15.488
chr9	2514723	15.825
chr9	2529616	15.825
chr9	2572884	16.162
chr9	2789819	16.162
chr9	2933399	16.835
chr9	3005924	16.835
chr9	3159791	17.172
chr9	3160231	17.172
chr9	3249844	17.509
chr9	3329545	17.509
chr9	3363894	18.519
chr9	3363911	18.519
chr9	3469189	19.412
chr9	3469251	19.412
chr9	3491323	19.692
chr9	3514647	19.865
chr9	3514815	20.202
chr9	3514832	20.202
chr9	3535431	20.539
chr9	3591350	20.839
chr9	3598223	20.910
chr9	3657966	21.212
chr9	3664430	21.212
chr9	3664693	21.213
chr9	3700491	21.608
chr9	3700542	21.609
chr9	3868454	22.557
chr9	3869063	22.559
chr9	4127277	22.559
chr9	4155148	22.896
chr9	4480960	22.896
chr9	4522723	24.579
chr9	4722566	24.579
chr9	4773940	25.253
chr9	4802909	25.407
chr9	4812904	26.134
chr9	4836949	26.263
chr9	4891224	26.263
chr9	4891615	26.265
chr9	4943992	27.609
chr9	4944007	27.610
chr9	4944056	27.610
chr9	4962335	27.946
chr9	4962502	27.946
chr9	5009244	28.620
chr9	5059870	28.620
chr9	5124969	28.956
chr9	5126475	28.956
chr9	5211163	29.293
chr9	5211422	29.293
chr9	5278299	30.303
chr9	5296219	30.380
chr9	5435414	31.516
chr9	5435660	31.517
chr9	5469942	31.891
chr9	5531262	32.656
chr9	5531965	32.660
chr9	5531969	32.660
chr9	5537035	32.997
chr9	5572367	32.997
chr9	5578824	33.358
chr9	5593351	33.413
chr9	5616026	33.836
chr9	5660994	34.007
chr9	5746682	34.007
chr9	5824819	34.344
chr9	5982477	34.344
chr9	6046403	34.680
chr9	6197183	34.680
chr9	6270473	36.701
chr9	6307875	36.701
chr9	6401222	37.374
chr9	6441501	37.374
chr9	6459873	38.047
chr9	6498975	38.047
chr9	6532232	38.384
chr9	6659298	38.384
chr9	6776220	38.721
chr9	6798470	39.057
chr9	6826783	39.057
chr9	6871522	39.481
chr9	6879459	39.893
chr9	6969046	40.962
chr9	7016048	41.078
chr9	7044437	41.078
chr9	7052721	41.414
chr9	7067256	41.414
chr9	7129226	41.751
chr9	7129656	41.752
chr9	7281614	43.744
chr9	7345932	44.445
chr9	7348599	44.445
chr9	7348676	44.781
chr9	7435023	44.781
chr9	7440417	45.118
chr9	7521344	45.118
chr9	7574087	45.455
chr9	7603883	45.455
chr9	7651013	45.792
chr9	7663746	45.792
chr9	7772139	46.054
chr9	7772276	46.391
chr9	7802683	46.465
chr9	7802955	46.465
chr9	7813321	46.802
chr9	7820243	46.802
chr9	7832162	47.475
chr9	7834155	47.475
chr9	7924207	47.812
chr9	7942404	47.812
chr9	7971675	48.148
chr9	7971740	48.148
chr9	8036428	48.485
chr9	8036765	48.485
chr9	8049196	48.569
chr9	8086571	49.163
chr9	8100371	49.626
chr9	8122943	49.832
chr9	8177156	49.832
chr9	8223886	50.169
chr9	8305492	50.169
chr9	8321007	50.505
chr9	8466753	50.505
chr9	8467069	50.842
chr9	8708747	50.842
chr10	0	0.000
chr10	420278	0.000
chr10	504360	0.337
chr10	595609	0.337
chr10	723448	0.648
chr10	733964	0.808
chr10	776094	1.714
chr10	811308	2.020
chr10	931393	2.020
chr10	967569	2.255
chr10	982971	2.691
chr10	983347	2.694
chr10	1253681	2.694
chr10	1253779	2.694
chr10	1345683	3.283
chr10	1376159	3.367
chr10	1376304	3.367
chr10	1616391	4.040
chr10	1667897	4.040
chr10	1727277	4.377
chr10	1862617	4.377
chr10	1862745	4.378
chr10	1917482	5.051
chr10	1967863	5.051
chr10	2043547	5.321
chr10	2062174	6.058
chr10	2062260	6.061
chr10	2062282	6.061
chr10	2062456	6.062
chr10	2095092	6.730
chr10	2095520	6.734
chr10	2118003	6.734
chr10	2134422	7.071
chr10	2168004	7.071
chr10	2209008	7.408
chr10	2232325	7.408
chr10	2262711	7.520
chr10	2277719	7.912
chr10	2323608	8.081
chr10	2382913	8.081
chr10	2453878	8.418
chr10	2561339	8.418
chr10	2572953	8.754
chr10	2728083	8.754
chr10	2767809	9.091
chr10	2767999	9.091
chr10	2841568	9.567
chr10	2872143	9.814
chr10	3017868	10.048
chr10	3050916	10.438
chr10	3051001	10.438
chr10	3051216	10.438
chr10	3148773	10.775
chr10	3263870	10.775
chr10	3387779	11.111
chr10	3554799	11.111
chr10	3554854	11.112
chr10	3590313	11.601
chr10	3710695	12.377
chr10	3710770	12.378
chr10	3748474	12.794
chr10	3748799	12.795
chr10	3759591	12.795
chr10	3807435	13.131
chr10	3829594	13.131
chr10	3858901	13.468
chr10	3875514	13.468
chr10	3903697	13.805
chr10	3985715	13.805
chr10	4012985	14.142
chr10	4046990	14.142
chr10	4072491	15.742
chr10	4084491	16.831
chr10	4084552	16.835
chr10	4090059	16.835
chr10	4183531	17.172
chr10	4268342	17.172
chr10	4306466	17.509
chr10	4473770	17.509
chr10	4515590	17.845
chr10	4656369	17.845
chr10	4656573	18.519
chr10	4710415	18.519
chr10	4737052	18.856
chr10	4785084	18.856
chr10	4854941	19.373
chr10	4857251	19.727
chr10	4875766	20.200
chr10	4876018	20.202
chr10	4876493	20.202
chr10	4910485	20.408
chr10	4932145	20.876
chr10	4974530	20.876
chr10	5004001	21.107
chr10	5020423	21.572
chr10	5020472	21.573
chr10	5060366	22.222
chr10	5060389	22.223
chr10	5122119	22.223
chr10	5162317	22.559
chr10	5166040	22.559
chr10	5166335	22.561
chr10	5187591	23.051
chr10	5212756	23.233
chr10	5224129	23.233
chr10	5298625	23.906
chr10	5619054	23.906
chr10	5632655	24.243
chr10	5785783	24.243
chr10	5808476	24.579
chr10	5808690	24.579
chr10	5808830	24.581
chr10	5857463	25.647
chr10	5860321	25.670
chr10	5891949	26.128
chr10	5913243	26.263
chr10	5971568	26.263
chr10	6045041	26.600
chr10	6074513	26.600
chr10	6086778	26.936
chr10	6097384	26.936
chr10	6139182	27.273
chr10	6475928	27.273
chr10	6485056	27.610
chr10	6651254	27.610
chr10	6709643	28.283
chr10	6734941	28.283
chr10	6735374	28.620
chr10	6825932	28.620
chr10	6858492	28.957
chr10	6882440	28.957
chr10	6887541	29.293
chr10	6939650	29.293
chr10	6957608	29.424
chr10	7026517	30.263
chr10	7032066	30.303
chr10	7261959	30.303
chr10	7286870	30.640
chr10	7287429	30.640
chr10	7372674	31.474
chr10	7465953	31.650
chr10	7689216	31.650
chr10	7725588	31.987
chr10	8132939	31.987
chr10	8147358	32.324
chr10	8205354	32.324
chr10	8210393	32.360
chr10	8251993	33.213
chr10	8261062	33.334
chr10	8321920	33.334
chr10	8388220	33.670
chr10	8665777	33.670
chr10	8723384	34.007
chr10	8761728	34.007
chr10	8849651	34.681
chr10	8960347	34.681
chr10	8960683	34.683
chr10	9010835	35.354
chr10	9010876	35.354
chr10	9363579	35.354
chr10	9395738	35.691
chr10	9858953	35.691
chr10	9939992	36.364
chr10	10056696	36.364
chr10	10173158	36.701
chr10	10285442	36.701
chr10	10305568	37.037
chr10	10562394	37.037
chr10	10579961	37.374
chr10	10876428	37.374
chr10	10946174	37.711
chr10	10952314	37.711
chr10	10968748	38.048
chr10	11014067	38.048
chr10	11018743	38.384
chr10	11226906	38.384
chr10	11284741	38.721
chr10	11308478	38.721
chr10	11317216	39.394
chr10	11386872	39.394
chr10	11443395	39.731
chr10	11485881	39.731
chr10	11567176	40.404
chr10	12096507	40.404
chr10	12158210	40.588
chr10	12209616	40.971
chr10	12233472	41.078
chr10	12396065	41.078
chr10	12434088	41.415
chr10	12671658	41.415
chr10	12684399	42.088
chr10	12762353	42.088
chr10	12770417	42.425
chr10	12799954	42.425
chr10	12823058	42.543
chr10	12865287	43.097
chr10	12865583	43.098
chr10	13102637	43.098
chr10	13114660	43.435
chr10	13257419	43.435
chr10	13281262	43.772
chr10	13527848	43.772
chr10	13576506	44.445
chr10	13645193	44.445
chr10	13670211	44.782
chr10	13708919	44.782
chr10	13709057	44.782
chr10	13709154	44.783
chr10	13805416	45.898
chr10	13824415	46.090
chr10	13858769	46.238
chr10	13969940	46.465
chr10	13969942	46.465
chr10	14069046	46.802
chr10	14290919	46.802
chr10	14343159	47.475
chr10	14343191	47.475
chr10	14344834	47.479
chr10	14445965	48.076
chr10	14474401	48.149
chr10	14504452	48.149
chr10	14537654	48.822
chr10	14628315	48.822
chr10	14714299	49.159
chr10	14726004	49.159
chr10	14771366	49.495
chr10	14793126	49.495
chr10	14822135	49.832
chr10	14950195	49.832
chr10	15044779	50.150
chr10	15220768	51.079
chr10	15250604	51.179
chr10	15344805	51.179
chr10	15404556	51.516
chr10	15436227	51.516
chr10	15436245	51.516
chr10	15446487	51.912
chr10	15493927	52.523
chr10	15494258	52.526
chr10	15626079	52.526
chr10	15654854	52.862
chr10	15695963	52.862
chr10	15763722	53.536
chr10	15781344	53.536
chr10	15825411	53.873
chr10	16016730	53.873
chr10	16017083	53.877
chr10	16044621	54.545
chr10	16044733	54.546
chr10	16119516	54.546
chr10	16134074	54.883
chr10	16629344	54.883
chr10	16650819	55.219
chr10	16650832	55.219
chr10	16687515	55.556
chr10	17462275	55.556
chr10	17492378	55.893
chr10	17965481	55.893
chr11	0	0.000
chr11	309632	0.000
chr11	409640	0.337
chr11	438764	0.337
chr11	439128	0.340
chr11	472488	1.044
chr11	499783	1.347
chr11	818633	1.347
chr11	876681	1.684
chr11	897421	1.684
chr11	935130	2.020
chr11	943330	2.020
chr11	943448	2.021
chr11	952541	2.384
chr11	952937	2.385
chr11	1059211	3.030
chr11	1059229	3.030
chr11	1070992	3.030
chr11	1071254	3.032
chr11	1107485	3.640
chr11	1206072	4.377
chr11	1229393	4.377
chr11	1255410	4.714
chr11	1364885	4.714
chr11	1364900	4.714
chr11	1372148	4.870
chr11	1384622	5.199
chr11	1441052	5.723
chr11	1441270	5.724
chr11	1517516	5.724
chr11	1718704	6.061
chr11	1739158	6.061
chr11	1752768	6.397
chr11	1797073	6.397
chr11	1850850	6.734
chr11	1896352	6.734
chr11	1910570	7.071
chr11	1910978	7.071
chr11	2017772	7.407
chr11	2108748	7.407
chr11	2129966	7.744
chr11	2157298	7.744
chr11	2157377	7.745
chr11	2282812	9.764
chr11	2336012	9.764
chr11	2396276	10.438
chr11	2396296	10.438
chr11	2396320	10.438
chr11	2407536	10.878
chr11	2542831	12.121
chr11	2604158	12.121
chr11	2629130	12.458
chr11	2722773	12.458
chr11	2810323	12.795
chr11	2835648	12.795
chr11	2877039	13.131
chr11	2905537	13.805
chr11	2909889	13.805
chr11	2914886	14.142
chr11	3011876	14.142
chr11	3012281	14.478
chr11	3219755	14.478
chr11	3272753	14.815
chr11	3273022	14.815
chr11	3292551	15.152
chr11	3384989	15.152
chr11	3435152	15.488
chr11	3473222	15.488
chr11	3493740	16.162
chr11	3498699	16.162
chr11	3553321	16.344
chr11	3599363	16.835
chr11	3599380	16.835
chr11	3658546	16.835
chr11	3693440	17.172
chr11	3694143	17.172
chr11	3727319	17.845
chr11	3727822	17.845
chr11	3737221	18.182
chr11	4171404	18.182
chr11	4177732	18.519
chr11	4671924	18.519
chr11	4683079	18.855
chr11	4769357	18.855
chr11	4784178	19.192
chr11	4795298	19.192
chr11	4828542	19.607
chr11	4849209	20.198
chr11	4849465	20.202
chr11	4864429	20.202
chr11	4959165	20.539
chr11	5087695	20.539
chr11	5128847	20.876
chr11	5296944	20.876
chr11	5331148	21.118
chr11	5344490	22.222
chr11	5344531	22.222
chr11	5366753	22.222
chr11	5484481	22.559
chr11	5484506	22.559
chr11	5509752	22.896
chr11	5579734	22.896
chr11	5608500	23.232
chr11	5608521	23.232
chr11	5698533	23.569
chr11	6227675	23.569
chr11	6233643	23.906
chr11	6233681	23.906
chr11	6283063	24.243
chr11	6286552	24.243
chr11	6286580	24.243
chr11	6415482	24.865
chr11	6438244	24.916
chr11	6463399	24.916
chr11	6490214	24.991
chr11	6557435	25.264
chr11	6584057	26.382
chr11	6584074	26.382
chr11	6714227	26.547
chr11	6741107	26.722
chr11	6755744	26.865
chr11	6755777	26.866
chr11	6842753	27.847
chr11	6842774	27.847
chr11	6853126	27.875
chr11	6853153	27.875
chr11	6879165	28.138
chr11	6912216	28.381
chr11	6960912	28.462
chr11	6960915	28.462
chr11	7007039	29.374
chr11	7056389	29.630
chr11	7056405	29.630
chr11	7056453	29.630
chr11	7121212	30.303
chr11	7169844	30.303
chr11	7169882	30.304
chr11	7223537	30.954
chr11	7261212	32.421
chr11	7308744	32.997
chr11	7308781	32.997
chr11	7453078	32.997
chr11	7536535	33.334
chr11	7665458	33.334
chr11	7665460	33.334
chr11	7687101	33.911
chr11	7695741	34.007
chr11	7748703	34.007
chr11	7877456	35.354
chr11	7937939	35.354
chr11	7999629	35.691
chr11	8127080	35.691
chr11	8141768	35.789
chr11	8177151	36.362
chr11	8177327	36.364
chr11	8803957	36.364
chr11	8803974	37.037
chr11	8938309	37.037
chr11	8962124	37.121
chr11	9033750	37.700
chr11	9036011	37.711
chr11	9181307	37.711
chr11	9346816	38.384
chr11	9408131	38.384
chr11	9469290	39.056
chr11	9469542	39.058
chr11	9499133	39.058
chr11	9526970	39.731
chr11	9533490	39.731
chr11	9586043	40.068
chr11	9612662	40.741
chr11	9617480	40.741
chr11	9647607	40.959
chr11	9710521	41.737
chr11	9710808	41.739
chr11	9713198	41.786
chr11	9733964	42.088
chr11	9989611	42.088
chr11	10065723	42.761
chr11	10065729	42.761
chr11	10095065	42.827
chr11	10105573	42.881
chr11	10210554	44.332
chr11	10217035	44.403
chr11	10221828	44.445
chr11	10551789	44.445
chr11	10564824	44.782
chr11	10623848	44.782
chr11	10692077	44.941
chr11	10731164	45.369
chr11	10757605	45.431
chr11	10767783	45.559
chr11	10790462	45.792
chr11	10797555	45.792
chr11	10934862	46.465
chr11	11034624	46.465
chr11	11034640	46.465
chr11	11063073	48.037
chr11	11066592	48.149
chr11	11209610	48.149
chr11	11250917	48.485
chr11	11256280	48.485
chr11	11283028	48.822
chr11	11325473	48.822
chr11	11367803	49.159
chr11	11414585	49.159
chr11	11461833	49.495
chr11	11508192	49.495
chr11	11542991	49.832
chr11	11759272	49.832
chr12	0	0.000
chr12	270731	0.000
chr12	300292	0.337
chr12	647635	0.337
chr12	674959	0.673
chr12	725470	0.673
chr12	755470	1.010
chr12	781745	1.010
chr12	819193	1.347
chr12	819948	1.347
chr12	833982	1.684
chr12	874621	1.684
chr12	936744	2.020
chr12	1212237	2.020
chr12	1486607	2.694
chr12	1663832	2.694
chr12	1673038	3.030
chr12	1711101	3.030
chr12	1736209	3.704
chr12	2230762	3.704
chr12	2247642	4.040
chr12	2313431	4.040
chr12	2514880	4.695
chr12	2520758	4.886
chr12	2534257	5.283
chr12	2537816	5.401
chr12	2618815	5.724
chr12	2749099	5.724
chr12	2785605	6.061
chr12	2785742	6.061
chr12	2786041	6.061
chr12	3021264	6.693
chr12	3054309	6.850
chr12	3054660	6.851
chr12	3117612	7.398
chr12	3119418	7.407
chr12	3123075	7.407
chr12	3155529	7.744
chr12	3336832	7.744
chr12	3398139	8.081
chr12	3467420	8.081
chr12	3490359	8.418
chr12	3717669	8.418
chr12	3761240	10.101
chr12	3796711	10.101
chr12	3831271	10.438
chr12	3891893	10.774
chr12	3991051	10.774
chr12	4016107	11.111
chr12	4169073	11.111
chr12	4231543	11.448
chr12	4247191	11.448
chr12	4274330	11.785
chr12	4358098	11.785
chr12	4394237	12.121
chr12	4422948	12.121
chr12	4440710	12.795
chr12	4811558	12.795
chr12	4836871	12.865
chr12	4933184	13.468
chr12	4933293	13.468
chr12	4953589	13.468
chr12	4978615	13.805
chr12	5403194	13.805
chr12	5465533	14.478
chr12	5490034	14.478
chr12	5562289	14.815
chr12	5577604	14.815
chr12	5577797	14.821
chr12	5631925	16.610
chr12	5740757	16.835
chr12	5741408	16.835
chr12	5818980	17.172
chr12	5841705	17.172
chr12	5854604	17.257
chr12	5888416	17.815
chr12	5892981	17.845
chr12	5953877	17.845
chr12	5971097	17.986
chr12	5994933	18.308
chr12	6034591	18.519
chr12	6099391	19.192
chr12	6208903	19.192
chr12	6225704	19.529
chr12	7148448	19.529
chr12	7313592	20.202
chr12	7351779	20.202
chr12	7352107	20.284
chr12	7353127	20.571
chr12	7363021	20.876
chr12	7527599	20.876
chr12	7528128	21.549
chr12	7568005	21.549
chr12	7583651	21.886
chr12	7605114	21.886
chr12	7637455	22.223
chr12	7731678	22.223
chr12	7742134	22.559
chr12	7777670	22.559
chr12	7777674	22.559
chr12	7814645	23.230
chr12	7814938	23.233
chr12	7815424	23.233
chr12	7908156	23.569
chr12	7965485	23.569
chr12	8021673	23.826
chr12	8039289	24.000
chr12	8039363	24.000
chr12	8055456	24.422
chr12	8055461	24.423
chr12	8085006	24.916
chr12	8085014	24.916
chr12	8085031	24.916
chr12	8085050	24.917
chr12	8117287	25.589
chr12	8117346	25.590
chr12	8812538	25.590
chr12	8995233	26.600
chr12	8995549	26.600
chr12	9052445	26.937
chr12	9078202	26.937
chr12	9122176	27.273
chr12	9253338	27.273
chr12	9253496	27.281
chr12	9294420	29.598
chr12	9295086	29.630
chr12	9472186	29.630
chr12	9509333	29.967
chr12	9532671	29.967
chr12	9619538	30.304
chr12	9619613	30.304
chr12	9758401	30.977
chr12	9758424	30.977
chr12	9771756	30.977
chr12	9796128	31.094
chr12	9841996	31.781
chr12	9895373	32.661
chr12	9895415	32.661
chr12	9942928	32.995
chr12	9943201	32.998
chr12	10107831	33.270
chr12	10146776	33.463
chr12	10209241	33.671
chr12	10286980	33.671
chr12	10368760	34.007
chr12	10418331	34.007
chr12	10446276	34.344
chr12	10782281	34.344
chr12	10813702	34.681
chr12	10826172	34.681
chr12	10842056	35.017
chr12	10842061	35.017
chr12	10842554	35.029
chr12	10870785	36.026
chr12	10870926	36.028
chr12	11004701	36.028
chr12	11008499	36.364
chr12	11057133	36.364
chr12	11086647	38.048
chr12	11117810	38.048
chr12	11186673	38.385
chr12	11262712	38.385
chr12	11314327	38.706
chr12	11342310	39.217
chr12	11370820	39.395
chr12	11458795	39.395
chr12	11514368	39.731
chr12	11533426	40.068
chr12	11533467	40.068
chr12	11548020	40.405
chr12	11670382	40.405
chr12	11677839	40.741
chr12	11677930	40.741
chr12	11702020	41.078
chr12	11712620	41.078
chr12	11736498	41.415
chr12	11810577	41.415
chr12	11887310	41.752
chr12	11896355	41.752
chr12	11919474	42.088
chr12	11919652	42.088
chr12	11959205	42.296
chr12	11983793	42.761
chr12	11983826	42.762
chr12	12033936	42.762
chr12	12044609	42.959
chr12	12044916	43.301
chr12	12052191	43.435
chr12	12120497	43.435
chr12	12129329	43.772
chr12	12243637	43.772
chr12	12293935	44.108
chr12	12388523	44.108
chr12	12422824	44.445
chr12	12511514	44.445
chr12	12547266	44.519
chr12	12674180	45.455
chr12	12674405	45.455
chr12	13086323	45.455
chr12	13117489	45.792
chr12	13186465	45.792
chr12	13186763	45.794
chr12	13234920	46.779
chr12	13238477	46.802
chr12	13295918	46.802
chr12	13300271	46.841
chr12	13371587	47.809
chr12	13371917	47.812
chr12	13390455	47.812
chr12	13395401	48.149
chr12	13742919	48.149
chr12	13804208	48.486
chr12	13903566	48.486
chr12	13910898	48.822
chr12	13921087	48.822
chr12	13963860	48.918
chr12	13963906	48.919
chr12	13989971	49.409
chr12	14055790	49.797
chr12	14071543	49.832
chr12	14079956	49.832
chr12	14164906	50.169
chr12	14337927	50.169
chr12	14397537	50.506
chr12	14429059	50.506
chr12	14521843	50.841
chr12	14522176	50.845
chr12	14562938	51.179
chr12	14582692	51.179
chr12	14635058	51.516
chr12	14882867	51.516
chr12	14927018	51.853
chr12	15222952	51.853
chr12	15294057	52.189
chr12	15392591	52.189
chr12	15414176	52.526
chr12	15464580	52.526
chr12	15505808	52.863
chr12	16327298	52.863
chr13	0	0.000
chr13	351962	0.000
chr13	372861	0.337
chr13	618574	0.337
chr13	618619	0.337
chr13	639697	0.832
chr13	708048	1.347
chr13	763509	1.347
chr13	768831	1.684
chr13	901032	1.684
chr13	940152	2.020
chr13	1072318	2.020
chr13	1090966	2.357
chr13	1147272	2.357
chr13	1224413	2.694
chr13	1499008	2.694
chr13	1524282	3.367
chr13	1539546	3.367
chr13	1626481	3.704
chr13	1644245	3.704
chr13	1672407	4.040
chr13	1679110	4.040
chr13	1703064	4.377
chr13	1927888	4.377
chr13	1982831	4.714
chr13	2082612	4.714
chr13	2090146	4.741
chr13	2125256	5.202
chr13	2125515	5.203
chr13	2177522	5.551
chr13	2232718	5.724
chr13	2308164	5.724
chr13	2358437	6.225
chr13	2375755	6.445
chr13	2480181	6.734
chr13	2483935	6.734
chr13	2646072	7.071
chr13	2688477	7.071
chr13	2790279	7.744
chr13	2912885	8.081
chr13	3002749	8.081
chr13	3058503	8.418
chr13	3058881	8.418
chr13	3070634	8.461
chr13	3147071	9.082
chr13	3147093	9.082
chr13	3149391	9.428
chr13	3220319	10.028
chr13	3321642	10.405
chr13	3330406	10.707
chr13	3354466	11.448
chr13	3449156	11.448
chr13	3490863	11.514
chr13	3649347	12.104
chr13	3660197	12.121
chr13	3713818	12.121
chr13	3749406	12.795
chr13	3982242	12.795
chr13	4184109	13.012
chr13	4252695	14.095
chr13	4295761	14.142
chr13	4326127	14.142
chr13	4458580	14.478
chr13	4490754	14.478
chr13	4578604	15.152
chr13	4736511	15.152
chr13	4757411	15.488
chr13	4760248	15.488
chr13	4795955	15.825
chr13	4807118	15.825
chr13	4966324	16.162
chr13	5063527	16.162
chr13	5142169	16.498
chr13	5639175	16.498
chr13	5716382	16.835
chr13	5823047	16.835
chr13	5861489	17.509
chr13	5903056	17.509
chr13	5937811	17.845
chr13	6005493	17.845
chr13	6079522	18.182
chr13	6514779	18.182
chr13	6719179	18.519
chr13	6735067	18.519
chr13	6784543	18.855
chr13	6838439	18.855
chr13	6855646	19.192
chr13	6877687	19.192
chr13	6964136	19.865
chr13	7408727	19.865
chr13	7466980	20.202
chr13	7563207	20.202
chr13	7646517	20.539
chr13	7656808	20.539
chr13	7737033	20.876
chr13	7799174	20.876
chr13	7799196	21.212
chr13	7865760	21.212
chr13	8076018	21.886
chr13	8393773	21.886
chr13	8393831	21.886
chr13	8424496	22.354
chr13	8424598	22.354
chr13	8472327	22.895
chr13	8472375	22.896
chr13	8489583	23.232
chr13	8674023	23.232
chr13	8699388	23.569
chr13	8738548	23.569
chr13	8756432	23.906
chr13	8921279	23.906
chr13	9081669	24.243
chr13	9325483	24.243
chr13	9325570	24.243
chr13	9380806	25.485
chr13	9405706	25.589
chr13	9406581	25.589
chr13	9458245	25.926
chr13	9466435	25.926
chr13	9524897	26.599
chr13	9524917	26.599
chr13	9534993	26.626
chr13	9653656	27.272
chr13	9653948	27.273
chr13	9790988	27.273
chr13	9812116	27.610
chr13	10286089	27.610
chr13	10311256	27.946
chr13	11222853	27.946
chr13	11247171	28.283
chr13	11252539	28.620
chr13	11396735	28.620
chr13	11434104	28.956
chr13	11434201	28.956
chr13	11462930	29.293
chr13	11500311	29.293
chr13	11519870	29.630
chr13	11567605	29.630
chr13	11589125	29.679
chr13	11679481	30.222
chr13	11723787	30.323
chr13	11724288	30.327
chr13	11767473	30.980
chr13	11790465	31.149
chr13	11862585	31.313
chr13	11964433	31.313
chr13	12085395	31.650
chr13	12113680	31.650
chr13	12209935	31.987
chr13	12320437	31.987
chr13	12356426	32.182
chr13	12356830	32.186
chr13	12444466	33.333
chr13	12444485	33.333
chr13	12444565	33.334
chr13	12466129	33.334
chr13	12524006	33.574
chr13	12547059	34.006
chr13	12547156	34.007
chr13	12547507	34.007
chr13	12603973	34.105
chr13	12742371	34.680
chr13	12742439	34.680
chr13	12777098	34.826
chr13	12777461	34.832
chr13	12822682	36.023
chr13	12822825	36.026
chr13	12822892	36.027
chr13	12823177	36.027
chr13	12911997	36.364
chr13	13003132	36.364
chr13	13084975	37.037
chr13	13085236	37.037
chr13	13181935	38.593
chr13	13232892	39.058
chr13	13316881	39.058
chr13	13317106	39.058
chr13	13407381	39.718
chr13	13411054	39.731
chr13	13598441	39.731
chr13	13646696	40.068
chr13	13869293	40.068
chr13	13908375	40.404
chr13	13998200	40.404
chr13	14044486	40.741
chr13	14045155	40.741
chr13	14050376	41.078
chr13	14066906	41.078
chr13	14115067	41.414
chr13	14115374	41.414
chr13	14202300	41.751
chr13	14221801	41.751
chr13	14252083	42.088
chr13	14315157	42.088
chr13	14377792	42.425
chr13	14404070	42.425
chr13	14435599	42.759
chr13	14435788	42.763
chr13	14479387	43.097
chr13	14479468	43.099
chr13	14479479	43.099
chr13	14634451	45.002
chr13	14760544	45.729
chr13	14824293	45.792
chr13	14997698	45.792
chr13	14997993	45.794
chr13	15048004	46.465
chr13	15048021	46.465
chr13	15264171	46.465
chr13	15368988	46.802
chr13	15414943	46.802
chr13	15485445	47.138
chr13	15485499	47.138
chr13	15539416	47.475
chr13	15556682	47.475
chr13	15561365	47.483
chr13	15568306	47.527
chr13	15637260	48.086
chr13	15745688	48.485
chr13	15745862	48.485
chr13	15872200	48.485
chr13	15908722	48.610
chr13	15923738	48.998
chr13	15971013	49.159
chr13	16021127	49.495
chr13	16091170	49.832
chr13	16163218	49.832
chr13	16219139	50.505
chr13	16283776	50.505
chr13	16305609	50.842
chr13	16328222	50.842
chr13	16362443	51.179
chr13	16701885	51.179
chr13	16711128	51.516
chr13	17072057	51.516
chr13	17102400	51.852
chr13	17207359	51.852
chr13	17225059	51.986
chr13	17251882	52.518
chr13	17252478	52.526
chr13	17511034	52.526
chr13	17536929	52.862
chr13	17552054	52.862
chr13	17575575	53.009
chr13	17575585	53.009
chr13	17660015	54.209
chr13	17660017	54.209
chr13	17660064	54.209
chr13	18127314	54.209
chr14	0	0.000
chr14	486790	0.000
chr14	494914	0.332
chr14	495034	0.338
chr14	495201	0.340
chr14	522109	0.820
chr14	522326	0.821
chr14	557219	1.341
chr14	557791	1.347
chr14	581447	1.347
chr14	647024	1.829
chr14	718803	2.517
chr14	718868	2.517
chr14	797908	3.030
chr14	797949	3.030
chr14	798150	3.030
chr14	835248	3.704
chr14	835308	3.704
chr14	851286	3.796
chr14	893518	4.345
chr14	897999	4.377
chr14	898348	4.377
chr14	916445	4.714
chr14	925609	4.714
chr14	925884	4.716
chr14	972019	5.387
chr14	972070	5.387
chr14	1152948	5.387
chr14	1186283	5.724
chr14	1260612	5.724
chr14	1263317	5.732
chr14	1355246	6.660
chr14	1355575	6.661
chr14	1381789	7.070
chr14	1397397	7.114
chr14	1496877	7.726
chr14	1503315	7.744
chr14	1535711	7.744
chr14	1596572	8.081
chr14	1692500	8.081
chr14	1741872	8.754
chr14	1791423	8.754
chr14	1822334	9.091
chr14	1906812	9.091
chr14	1907369	11.111
chr14	1926235	11.111
chr14	1954099	12.121
chr14	2221338	12.121
chr14	2235563	12.458
chr14	2235954	12.458
chr14	2281814	12.795
chr14	2365775	12.795
chr14	2417503	13.131
chr14	2443248	13.131
chr14	2486424	13.468
chr14	2490386	13.468
chr14	2544591	13.805
chr14	2599794	13.805
chr14	2657195	14.142
chr14	2701385	14.142
chr14	2737379	14.478
chr14	2752812	14.478
chr14	2795238	14.815
chr14	2855053	14.815
chr14	2973142	15.152
chr14	2973634	15.152
chr14	2981273	15.169
chr14	3119818	15.687
chr14	3120004	15.689
chr14	3140533	15.790
chr14	3215434	16.497
chr14	3215631	16.498
chr14	3215646	16.498
chr14	3215951	16.498
chr14	3227134	16.629
chr14	3244877	16.997
chr14	3264137	17.172
chr14	3264850	17.172
chr14	3296091	17.509
chr14	3351123	17.509
chr14	3383189	18.182
chr14	3462555	18.182
chr14	3473742	18.519
chr14	3474194	18.519
chr14	3546261	19.192
chr14	3677988	19.192
chr14	3678316	19.194
chr14	3731276	19.864
chr14	3731515	19.866
chr14	3731545	19.866
chr14	3965823	20.202
chr14	3995980	20.202
chr14	4083835	20.539
chr14	4087727	20.539
chr14	4116485	20.670
chr14	4161851	21.212
chr14	4161852	21.212
chr14	4161873	21.212
chr14	4196354	21.356
chr14	4196630	21.358
chr14	4196635	23.041
chr14	4314045	23.865
chr14	4323981	23.906
chr14	4327956	23.906
chr14	4418158	24.243
chr14	4418196	24.243
chr14	4418548	24.245
chr14	4466039	24.914
chr14	4466299	24.916
chr14	4519949	24.916
chr14	4589807	25.253
chr14	4603848	25.253
chr14	4633835	25.926
chr14	4634166	25.926
chr14	4654379	26.129
chr14	4667719	26.341
chr14	4712180	26.599
chr14	4712220	26.600
chr14	4762530	26.936
chr14	4788116	26.936
chr14	4827351	27.201
chr14	4835174	27.590
chr14	4838088	27.610
chr14	4890068	27.610
chr14	4931839	27.946
chr14	4963184	27.946
chr14	4963425	27.947
chr14	5208795	28.957
chr14	5208796	28.957
chr14	5294064	28.957
chr14	5358710	29.557
chr14	5376496	29.630
chr14	5480342	29.630
chr14	5533425	29.869
chr14	5554869	30.640
chr14	5554954	30.640
chr14	5626553	30.640
chr14	5630585	30.977
chr14	5746564	30.977
chr14	5860336	31.313
chr14	5963418	31.313
chr14	5963692	31.314
chr14	6026713	31.833
chr14	6079926	31.987
chr14	6345264	31.987
chr14	6426781	32.660
chr14	6427060	32.660
chr14	6439207	32.997
chr14	6439579	32.997
chr14	6452790	33.670
chr14	6452801	33.671
chr14	6466375	34.007
chr14	6466452	34.007
chr14	6526301	34.344
chr14	6552911	34.344
chr14	6613856	35.017
chr14	6659763	35.017
chr14	6736571	35.354
chr14	6741755	35.354
chr14	6773305	35.691
chr14	6790675	35.691
chr14	6790988	36.027
chr14	6986995	36.027
chr14	7005702	36.066
chr14	7045187	37.494
chr14	7130159	37.669
chr14	7150418	37.784
chr14	7150490	37.784
chr14	7223520	38.383
chr14	7223833	38.384
chr14	7223894	38.384
chr14	7263309	38.721
chr14	7397942	38.721
chr14	7427959	39.058
chr14	7427967	39.058
chr14	7612408	39.394
chr14	7668697	39.394
chr14	7735627	39.731
chr14	7784939	39.731
chr14	7820465	40.068
chr14	7825181	40.068
chr14	7825955	40.079
chr14	7871421	41.076
chr14	7871424	41.076
chr14	7871530	41.079
chr14	7871561	41.079
chr14	7871811	41.083
chr14	7911958	42.421
chr14	7912077	42.423
chr14	7912300	42.425
chr14	7946116	42.425
chr14	8011058	43.098
chr14	8202932	43.098
chr14	8339332	43.435
chr14	8416588	43.435
chr14	8442608	43.772
chr14	8680433	43.772
chr14	8725843	44.108
chr14	8868992	44.108
chr14	8880844	44.445
chr14	9174305	44.445
chr15	0	0.000
chr15	337326	0.000
chr15	349593	0.337
chr15	478760	0.337
chr15	523183	0.673
chr15	622384	0.673
chr15	622432	0.674
chr15	657863	2.020
chr15	657879	2.020
chr15	664728	2.020
chr15	686305	2.357
chr15	686542	2.357
chr15	686554	2.357
chr15	708705	2.779
chr15	773463	3.030
chr15	773473	3.031
chr15	796499	3.367
chr15	851616	3.367
chr15	891485	3.704
chr15	929214	3.704
chr15	955861	4.040
chr15	975895	4.040
chr15	1006959	4.377
chr15	1023151	4.377
chr15	1040782	4.491
chr15	1127431	5.291
chr15	1133247	5.307
chr15	1162029	7.057
chr15	1162260	7.071
chr15	1162327	7.071
chr15	1170745	7.117
chr15	1182726	7.520
chr15	1284097	8.081
chr15	1530121	8.081
chr15	1617384	9.091
chr15	1923285	9.091
chr15	1983546	9.428
chr15	2074437	9.428
chr15	2221479	9.764
chr15	2223309	9.764
chr15	2228298	10.101
chr15	2307646	10.775
chr15	2328257	10.775
chr15	2328408	10.776
chr15	2328471	10.777
chr15	2381627	11.945
chr15	2456443	12.646
chr15	2558417	12.795
chr15	2621114	12.795
chr15	2639449	13.034
chr15	2639711	13.038
chr15	2646939	13.205
chr15	2646963	13.205
chr15	2688432	13.956
chr15	2688502	13.957
chr15	2688517	13.957
chr15	2710533	14.362
chr15	2710605	14.362
chr15	2710755	14.364
chr15	2747965	14.782
chr15	2748284	14.785
chr15	2790026	15.935
chr15	2796823	16.093
chr15	2796863	16.094
chr15	2817741	16.577
chr15	2975336	17.172
chr15	3200813	17.172
chr15	3210920	17.509
chr15	3265828	17.509
chr15	3291242	17.693
chr15	3312274	17.933
chr15	3320919	17.969
chr15	3320923	17.969
chr15	3408246	19.219
chr15	3459895	19.560
chr15	3526115	19.837
chr15	3533078	20.202
chr15	3533354	20.202
chr15	3564819	20.539
chr15	3691389	20.539
chr15	3694552	20.552
chr15	3765333	21.171
chr15	3775646	21.213
chr15	3775884	21.213
chr15	3805897	21.549
chr15	3821468	21.549
chr15	3885643	22.107
chr15	3898896	22.314
chr15	3899169	22.316
chr15	3934280	22.620
chr15	3934384	22.621
chr15	4047962	23.155
chr15	4049845	23.158
chr15	4092590	23.365
chr15	4158922	23.836
chr15	4176443	23.906
chr15	4315925	23.906
chr15	4336123	24.243
chr15	4360102	24.243
chr15	4360146	24.243
chr15	4360150	24.243
chr15	4389836	24.802
chr15	4432437	25.122
chr15	4478538	25.253
chr15	4504464	25.253
chr15	4547788	25.926
chr15	4802075	25.926
chr15	4833034	26.263
chr15	4902561	26.263
chr15	4909511	26.600
chr15	4974303	26.600
chr15	4997650	26.707
chr15	5008482	26.805
chr15	5047718	27.360
chr15	5073602	27.608
chr15	5073887	27.610
chr15	5082941	27.610
chr15	5123922	27.946
chr15	5123953	27.947
chr15	5146378	28.283
chr15	5146401	28.283
chr15	5161691	28.620
chr15	5185893	28.620
chr15	5197621	28.957
chr15	5197886	28.957
chr15	5265417	29.193
chr15	5390458	29.965
chr15	5390557	29.968
chr15	5390851	29.975
chr15	5437038	31.314
chr15	5437053	31.314
chr15	5437086	31.314
chr15	5478025	31.650
chr15	5526570	31.650
chr15	5586803	32.324
chr15	5773016	32.324
chr15	5829906	32.660
chr15	5829915	32.661
chr15	5831066	32.668
chr15	5831067	32.668
chr15	5895031	33.584
chr15	5941719	34.007
chr15	5941950	34.007
chr15	5986397	34.007
chr15	6000272	34.344
chr15	6047809	34.344
chr15	6125883	34.681
chr15	6380916	34.681
chr15	6458900	34.985
chr15	6553616	35.691
chr15	6553655	35.691
chr15	6560211	35.691
chr15	6663488	36.028
chr15	6686454	36.028
chr15	6697938	36.085
chr15	6754199	36.887
chr15	6764565	36.983
chr15	6770484	37.191
chr15	6790519	37.711
chr15	6825125	37.711
chr15	6869646	38.048
chr15	6932695	38.048
chr15	7024384	38.385
chr15	7098578	38.385
chr15	7106953	38.721
chr15	7135175	38.721
chr15	7167320	38.830
chr15	7226202	39.366
chr15	7234557	39.395
chr15	7267847	39.395
chr15	7318308	39.731
chr15	7557962	39.731
chr15	7604626	40.068
chr15	7610597	40.068
chr15	7633512	40.405
chr15	7748058	40.405
chr15	7779081	41.078
chr15	7902565	41.078
chr15	7931763	41.415
chr15	8043161	41.415
chr15	8043394	41.420
chr15	8072903	42.423
chr15	8073039	42.425
chr15	8090264	42.425
chr15	8090519	42.426
chr15	8157782	43.049
chr15	8169429	43.098
chr15	8170146	43.098
chr15	8199396	43.435
chr15	8199652	43.435
chr15	8247814	43.772
chr15	8253990	43.772
chr15	8314495	44.108
chr15	8366548	44.108
chr15	8395280	44.782
chr15	8581480	44.782
chr15	8652078	45.455
chr15	8652081	45.455
chr15	8736743	46.127
chr15	8737066	46.129
chr15	8999886	46.129
chr15	9022282	46.465
chr15	9022627	46.465
chr15	9078106	47.139
chr15	9134372	47.329
chr15	9177700	48.484
chr15	9177780	48.486
chr15	9178165	48.486
chr15	9253487	48.822
chr15	9302100	48.822
chr15	9340494	49.159
chr15	9385034	49.159
chr15	9385362	49.160
chr15	9385401	49.160
chr15	9541807	50.339
chr15	9572554	50.505
chr15	9572771	50.506
chr15	9704457	50.506
chr15	9707823	50.843
chr15	10235750	50.843
chr16	0	0.000
chr16	258076	0.000
chr16	299434	0.337
chr16	582822	0.337
chr16	619724	0.673
chr16	626690	0.673
chr16	707946	1.088
chr16	758823	1.683
chr16	758827	1.684
chr16	758846	1.684
chr16	798192	2.020
chr16	1045048	2.020
chr16	1084523	2.357
chr16	1112159	2.357
chr16	1149910	2.694
chr16	1190122	2.694
chr16	1315426	3.367
chr16	1336268	3.367
chr16	1436679	4.040
chr16	1547623	4.040
chr16	1576517	4.377
chr16	1592938	4.377
chr16	1602107	4.396
chr16	1674575	5.084
chr16	1692032	5.300
chr16	1760774	5.636
chr16	1791131	5.821
chr16	1866309	6.061
chr16	1907009	6.061
chr16	1907036	6.061
chr16	2071129	6.719
chr16	2071488	6.720
chr16	2078554	7.070
chr16	2078565	7.071
chr16	2078602	7.071
chr16	2078839	7.073
chr16	2123352	7.744
chr16	2123377	7.744
chr16	2174069	7.744
chr16	2174148	7.744
chr16	2174419	7.746
chr16	2299273	9.077
chr16	2300972	9.091
chr16	2300990	9.091
chr16	2410702	9.091
chr16	2457210	9.428
chr16	2513279	9.428
chr16	2518720	9.764
chr16	2660880	9.764
chr16	2716345	10.227
chr16	2741696	10.615
chr16	2764513	10.775
chr16	2850046	10.775
chr16	2937297	12.458
chr16	3031589	12.458
chr16	3031593	12.458
chr16	3132730	13.955
chr16	3171436	14.142
chr16	3254904	14.142
chr16	3285763	14.815
chr16	3286947	14.815
chr16	3287280	14.817
chr16	3312989	15.281
chr16	3354815	15.825
chr16	3354831	15.825
chr16	3357500	15.832
chr16	3486296	16.459
chr16	3503208	16.498
chr16	3503213	16.498
chr16	3539724	16.835
chr16	3540068	16.835
chr16	3573415	17.172
chr16	3573428	17.172
chr16	3601299	17.845
chr16	3612538	17.845
chr16	3612663	17.846
chr16	3709692	18.518
chr16	3709791	18.519
chr16	3717084	18.519
chr16	3787179	19.189
chr16	3924698	19.842
chr16	3929597	21.549
chr16	3929598	21.549
chr16	3980727	21.549
chr16	3980777	21.886
chr16	4103156	21.886
chr16	4199444	22.559
chr16	4263457	22.559
chr16	4342277	23.233
chr16	4356993	23.233
chr16	4356998	23.233
chr16	4370279	23.703
chr16	4390434	23.906
chr16	4411401	23.906
chr16	4415017	24.221
chr16	4415261	24.247
chr16	4452365	24.916
chr16	4452372	24.916
chr16	4485588	25.590
chr16	4606752	25.590
chr16	4611512	25.645
chr16	4611531	25.645
chr16	4635922	26.447
chr16	4635974	26.448
chr16	4656092	26.600
chr16	4792362	26.600
chr16	4806720	26.716
chr16	4834022	27.441
chr16	4843143	27.610
chr16	4963506	27.610
chr16	4970369	27.947
chr16	5029147	27.947
chr16	5062309	28.620
chr16	5065500	28.620
chr16	5065514	28.620
chr16	5118599	29.544
chr16	5126368	29.630
chr16	5184459	29.630
chr16	5210172	29.897
chr16	5216874	30.303
chr16	5216899	30.303
chr16	5216909	30.304
chr16	5223587	30.640
chr16	5237261	30.640
chr16	5237282	30.641
chr16	5245150	31.079
chr16	5263398	31.314
chr16	5317670	31.314
chr16	5331318	31.380
chr16	5386577	31.982
chr16	5387346	31.987
chr16	5421202	32.203
chr16	5440158	32.403
chr16	5502001	32.661
chr16	5561495	32.661
chr16	5563172	32.666
chr16	5653883	33.624
chr16	5668751	33.671
chr16	5726675	33.671
chr16	5781179	33.947
chr16	5792977	35.017
chr16	5792982	35.018
chr16	5793006	35.018
chr16	5842866	35.354
chr16	6036004	35.354
chr16	6074056	35.691
chr16	6105011	35.691
chr16	6232899	36.364
chr16	6810932	36.364
chr16	6926040	37.374
chr16	6976753	37.374
chr16	7087520	37.711
chr16	7102552	37.711
chr16	7102855	37.712
chr16	7102881	37.712
chr16	7182030	38.517
chr16	7283161	39.115
chr16	7334350	39.227
chr16	7410981	39.730
chr16	7411275	39.731
chr16	7490588	39.731
chr16	7533674	40.405
chr16	7657932	40.405
chr16	7676160	40.741
chr16	7856477	40.741
chr16	7904159	41.078
chr16	8057687	41.078
chr16	8057961	41.081
chr16	8090595	41.516
chr16	8090611	41.516
chr16	8166166	42.088
chr16	8166193	42.088
chr16	8177157	42.088
chr16	8194483	42.425
chr16	8194808	42.425
chr16	8259195	42.762
chr16	8400264	42.762
chr16	8454519	43.098
chr16	8505727	43.098
chr16	8545512	43.361
chr16	8556642	43.772
chr16	8556648	43.772
chr16	8567883	43.772
chr16	8570329	43.780
chr16	8663952	44.445
chr16	8664035	44.445
chr16	8664269	44.445
chr16	8664297	44.446
chr16	8677408	45.118
chr16	8677447	45.119
chr16	8677457	45.119
chr16	8677813	45.120
chr16	8687322	45.194
chr16	8728790	45.849
chr16	8807784	46.455
chr16	8811887	46.465
chr16	8902736	46.465
chr16	8953624	47.139
chr16	8999855	47.139
chr16	9015339	47.269
chr16	9039978	47.804
chr16	9091195	48.486
chr16	9091228	48.486
chr16	9111324	48.822
chr16	9121046	48.822
chr16	9154386	49.496
chr16	9319863	49.496
chr16	9350031	49.767
chr16	9357268	50.168
chr16	9357291	50.169
chr16	9519588	50.169
chr16	9575748	50.506
chr16	9576102	50.506
chr16	9599488	50.843
chr16	10083215	50.843
chr17	0	0.000
chr17	353525	0.000
chr17	373022	0.337
chr17	599260	0.337
chr17	646174	0.673
chr17	646823	0.673
chr17	680283	1.010
chr17	823915	1.010
chr17	883263	1.347
chr17	893966	1.347
chr17	933290	1.684
chr17	958422	1.684
chr17	995144	2.020
chr17	1236155	2.020
chr17	1245108	2.357
chr17	1245352	2.357
chr17	1261915	2.694
chr17	1352922	2.694
chr17	1372051	3.030
chr17	1373717	3.030
chr17	1401283	3.367
chr17	1401326	3.367
chr17	1421837	3.478
chr17	1463695	4.040
chr17	1463750	4.040
chr17	1463782	4.040
chr17	1495750	4.377
chr17	1626914	4.377
chr17	1718378	4.714
chr17	2103864	4.714
chr17	2147376	5.051
chr17	2208775	5.051
chr17	2243946	5.387
chr17	2316990	5.387
chr17	2343898	5.440
chr17	2454076	5.992
chr17	2489262	6.061
chr17	2500309	6.061
chr17	2568838	6.397
chr17	2731184	6.397
chr17	2778816	6.734
chr17	2828257	6.734
chr17	2828304	6.734
chr17	2828325	6.734
chr17	2916158	7.873
chr17	2937245	8.065
chr17	2942561	8.081
chr17	3120720	8.081
chr17	3142094	8.338
chr17	3148716	8.530
chr17	3161921	8.754
chr17	3175203	8.754
chr17	3213764	9.091
chr17	3241675	9.091
chr17	3242045	9.093
chr17	3295199	9.668
chr17	3316808	9.764
chr17	3316966	9.764
chr17	3345081	9.942
chr17	3370316	10.234
chr17	3472677	10.774
chr17	3485631	10.774
chr17	3485724	10.775
chr17	3492031	11.122
chr17	3603139	11.316
chr17	3659195	11.751
chr17	3678621	11.785
chr17	3693424	11.785
chr17	3729354	12.121
chr17	3729575	12.121
chr17	3754938	12.458
chr17	3786659	12.458
chr17	3820062	12.795
chr17	3884013	12.795
chr17	3989957	13.131
chr17	4119973	13.131
chr17	4147076	13.468
chr17	4190687	13.468
chr17	4219418	13.594
chr17	4267548	13.945
chr17	4267554	13.945
chr17	4334983	14.877
chr17	4335352	14.881
chr17	4391097	15.744
chr17	4481983	16.162
chr17	4662206	16.162
chr17	4743103	16.498
chr17	4758119	16.498
chr17	4823061	16.835
chr17	4894686	16.835
chr17	4984341	17.172
chr17	4984513	17.172
chr17	5007099	17.509
chr17	5117410	17.509
chr17	5159423	17.845
chr17	5172394	17.845
chr17	5253102	18.182
chr17	5279204	18.182
chr17	5337672	18.519
chr17	5407699	18.519
chr17	5441051	18.855
chr17	5441339	18.855
chr17	5453736	19.192
chr17	5547517	19.192
chr17	5611368	19.529
chr17	5842390	19.529
chr17	5875025	19.865
chr17	6058836	19.865
chr17	6105570	20.202
chr17	6438748	20.202
chr17	6445645	20.539
chr17	6723920	20.539
chr17	6820723	20.876
chr17	7296508	20.876
chr17	7374801	21.212
chr17	7374884	21.213
chr17	7425041	21.549
chr17	7475154	21.549
chr17	7511953	22.222
chr17	7530186	22.222
chr17	7565728	22.559
chr17	7750206	22.559
chr17	7781693	22.896
chr17	7866306	22.896
chr17	7940877	23.569
chr17	8119185	23.569
chr17	8141844	23.906
chr17	8141880	23.906
chr17	8271409	24.143
chr17	8297573	24.528
chr17	8325555	24.579
chr17	8477679	24.579
chr17	8539261	24.916
chr17	8548142	24.916
chr17	8583080	25.253
chr17	8594066	25.253
chr17	8698968	25.763
chr17	8732481	26.262
chr17	8732546	26.267
chr17	8742744	26.936
chr17	8881458	26.936
chr17	8966485	27.273
chr17	8967542	27.273
chr17	9068408	27.669
chr17	9224759	29.293
chr17	9224812	29.293
chr17	9244112	29.293
chr17	9272338	29.630
chr17	9378748	29.630
chr17	9422109	29.966
chr17	9422128	29.967
chr17	9484739	30.303
chr17	9523171	30.303
chr17	9523677	30.307
chr17	9526826	30.345
chr17	9571214	31.893
chr17	9571510	31.897
chr17	9589044	31.987
chr17	9671676	31.987
chr17	9736882	32.268
chr17	9749797	32.621
chr17	9769667	33.079
chr17	9789569	33.334
chr17	9906755	33.334
chr17	10035064	33.670
chr17	10035293	33.671
chr17	10039092	33.684
chr17	10132254	34.343
chr17	10132372	34.344
chr17	10186235	34.344
chr17	10246728	35.017
chr17	10360483	35.017
chr17	10431401	35.354
chr17	10505950	35.354
chr17	10569584	35.691
chr17	10591893	35.691
chr17	10626815	36.027
chr17	10628025	36.027
chr17	10793780	36.701
chr17	10857209	36.701
chr17	10857259	37.037
chr17	10901561	37.037
chr17	10901576	37.374
chr17	10984668	37.374
chr17	11003251	37.711
chr17	11081504	37.711
chr17	11095340	38.047
chr17	11101361	38.047
chr17	11124710	39.731
chr17	11125159	39.731
chr17	11129109	40.068
chr17	11149654	40.068
chr17	11177751	40.404
chr17	11427392	40.404
chr17	11565693	40.741
chr17	11614510	40.741
chr17	11632141	41.414
chr17	11738422	41.414
chr17	11811511	41.751
chr17	11812018	41.751
chr17	11841428	42.088
chr17	11849163	42.088
chr17	11886168	42.425
chr17	12036634	42.425
chr17	12077981	42.536
chr17	12161892	43.071
chr17	12169115	43.098
chr17	12193759	43.098
chr17	12209969	43.435
chr17	12342168	43.435
chr17	12407054	43.771
chr17	12534536	43.771
chr17	12549856	44.108
chr17	12611841	44.108
chr17	12621593	44.445
chr17	12641978	44.445
chr17	12697908	44.611
chr17	12747655	45.096
chr17	12755062	45.118
chr17	12841694	45.118
chr17	12847537	45.455
chr17	12856608	45.455
chr17	12885646	45.792
chr17	13114624	45.792
chr17	13164106	46.128
chr17	13300212	46.128
chr17	13338319	46.465
chr17	13456238	46.465
chr17	13490394	46.802
chr17	13549277	47.475
chr17	13732502	47.475
chr17	13760244	47.812
chr17	13777603	47.812
chr17	13789612	48.149
chr17	14294942	48.149
chr17	14360732	48.485
chr17	14531222	48.485
chr17	14589834	49.159
chr17	14773299	49.159
chr18	0	0.000
chr18	860160	0.000
chr18	920472	0.337
chr18	1023613	0.337
chr18	1084000	0.455
chr18	1121317	0.864
chr18	1195852	1.010
chr18	1282471	1.010
chr18	1316737	1.347
chr18	1392328	1.347
chr18	1441301	1.684
chr18	1452105	1.684
chr18	1454901	2.020
chr18	1654241	2.020
chr18	1662277	2.357
chr18	1662455	2.357
chr18	1706476	2.543
chr18	1733298	2.993
chr18	1742241	3.030
chr18	1772518	3.367
chr18	1772813	3.367
chr18	1817280	3.704
chr18	1825903	3.704
chr18	1860293	4.040
chr18	1936302	4.040
chr18	2002284	4.377
chr18	2074019	4.377
chr18	2107150	4.714
chr18	2177499	4.714
chr18	2300687	5.051
chr18	2418782	5.051
chr18	2511662	5.387
chr18	2518882	5.387
chr18	2523066	5.427
chr18	2554004	5.867
chr18	2595631	6.061
chr18	2775122	6.061
chr18	2794383	6.273
chr18	2805598	6.415
chr18	2866558	6.510
chr18	2943025	6.965
chr18	2954722	6.984
chr18	3002733	7.395
chr18	3010714	7.407
chr18	3242608	7.407
chr18	3285742	7.744
chr18	3446607	7.744
chr18	3500342	8.081
chr18	3500361	8.081
chr18	3516254	8.135
chr18	3516515	8.137
chr18	3599749	9.089
chr18	3600013	9.091
chr18	3600035	9.091
chr18	3697818	9.428
chr18	3874480	9.428
chr18	3986682	11.111
chr18	4307436	11.111
chr18	4347529	11.448
chr18	4762582	11.448
chr18	4769780	11.785
chr18	5069827	11.785
chr18	5084284	12.121
chr18	5229542	12.121
chr18	5280854	12.458
chr18	5303458	12.458
chr18	5418473	12.795
chr18	5418855	12.795
chr18	5418866	12.795
chr18	5550155	13.302
chr18	5677396	13.468
chr18	5686327	13.468
chr18	5686675	13.805
chr18	5758053	13.805
chr18	5770655	14.141
chr18	5771143	14.141
chr18	5795231	14.478
chr18	5839775	14.478
chr18	5839778	14.815
chr18	6082908	14.815
chr18	6129057	15.152
chr18	6281081	15.152
chr18	6295909	15.488
chr18	6496300	15.488
chr18	6545949	16.162
chr18	6653603	16.162
chr18	6684658	16.498
chr18	6692121	16.498
chr18	6705440	16.835
chr18	6705675	16.835
chr18	6764151	17.508
chr18	6930006	17.508
chr18	6956056	18.519
chr18	7046459	18.519
chr18	7046460	18.519
chr18	7139286	19.192
chr18	7139346	19.192
chr18	7149180	19.192
chr18	7174012	19.865
chr18	7269183	19.865
chr18	7375151	20.202
chr18	7767471	20.202
chr18	7796036	20.539
chr18	8089574	20.539
chr18	8099929	20.569
chr18	8205621	21.212
chr18	8205742	21.212
chr18	8248032	21.212
chr18	8248266	21.213
chr18	8301897	21.628
chr18	8477174	21.886
chr18	8565214	21.886
chr18	8613817	23.232
chr18	8815841	23.232
chr18	8835686	23.569
chr18	9009389	23.569
chr18	9036717	23.906
chr18	9387970	23.906
chr18	9472458	24.243
chr18	9663845	24.243
chr18	9679538	24.579
chr18	9737341	24.579
chr18	9777619	24.916
chr18	9861414	24.916
chr18	10016043	25.629
chr18	10034127	26.049
chr18	10080369	26.263
chr18	10109539	26.263
chr18	10143172	26.599
chr18	10226120	26.599
chr18	10226140	26.600
chr18	10249833	27.431
chr18	10258391	27.610
chr18	10290556	27.610
chr18	10321909	27.946
chr18	10362318	27.946
chr18	10394648	28.283
chr18	10425543	28.283
chr18	10575199	28.620
chr18	10679549	28.620
chr18	10748910	29.293
chr18	11050521	29.293
chr18	11169447	30.640
chr18	11372188	30.640
chr18	11395966	30.977
chr18	11642066	30.977
chr18	11714322	31.313
chr18	11755336	31.313
chr18	11755517	31.315
chr18	11802203	31.986
chr18	11802328	31.987
chr18	11907780	31.987
chr18	11907921	31.988
chr18	11946837	32.564
chr18	11962412	32.660
chr18	12027423	32.660
chr18	12053393	32.997
chr18	12173812	32.997
chr18	12176374	33.044
chr18	12184885	33.536
chr18	12192250	33.670
chr18	12350690	33.670
chr18	12350716	33.672
chr18	12364206	34.619
chr18	12383683	35.017
chr18	12391026	35.017
chr18	12430092	35.690
chr18	12705908	35.690
chr18	12706637	35.696
chr18	12746378	36.360
chr18	12746909	36.364
chr18	12762437	36.364
chr18	12778006	36.701
chr18	12927624	36.701
chr18	12963203	37.037
chr18	12981638	37.374
chr18	13003443	37.374
chr18	13003458	37.374
chr18	13021387	37.984
chr18	13025562	38.047
chr18	13040699	38.047
chr18	13099720	38.384
chr18	13453457	38.384
chr18	13463399	38.721
chr18	13518985	38.721
chr18	13553661	39.058
chr18	13596381	39.058
chr18	13635942	39.394
chr18	13840990	39.394
chr18	13867108	39.543
chr18	13900045	40.065
chr18	13900316	40.068
chr18	14001962	40.068
chr18	14037075	40.404
chr18	14122142	40.404
chr18	14122502	40.406
chr18	14143631	41.190
chr18	14143711	41.190
chr18	14186782	41.751
chr18	14186875	41.751
chr18	14452995	41.751
chr18	14482259	41.840
chr18	14498417	41.949
chr18	14563793	42.678
chr18	14573726	42.759
chr18	14574269	42.761
chr18	14737479	42.761
chr18	14737561	42.762
chr18	14748568	42.859
chr18	14786240	43.393
chr18	14812171	43.581
chr18	14812408	43.583
chr18	14893866	44.750
chr18	14894149	44.751
chr18	14909629	44.826
chr18	15011519	45.118
chr18	15243413	45.118
chr18	15250226	45.455
chr18	15250235	45.455
chr18	15279212	45.569
chr18	15335495	46.128
chr18	15433968	46.128
chr18	15467162	46.465
chr18	15614969	46.465
chr18	15615041	47.138
chr18	15630523	47.138
chr18	15668081	47.812
chr18	16035449	47.812
chr18	16035640	48.149
chr18	16077439	48.149
chr18	16102594	48.227
chr18	16166191	48.763
chr18	16185017	48.822
chr18	16803890	48.822
chr19	0	0.000
chr19	1111102	0.000
chr19	1142545	0.337
chr19	1280572	0.337
chr19	1288303	0.395
chr19	1324960	1.007
chr19	1325418	1.010
chr19	1325751	1.010
chr19	1343142	1.347
chr19	1407659	1.347
chr19	1417917	1.684
chr19	1655427	1.684
chr19	1724674	2.020
chr19	1724772	2.020
chr19	1805545	2.224
chr19	1858378	2.581
chr19	1858592	2.582
chr19	1955902	3.331
chr19	1964399	3.367
chr19	1964664	3.367
chr19	1972385	3.704
chr19	2092536	3.704
chr19	2129004	4.040
chr19	2164550	4.040
chr19	2181355	4.377
chr19	2216608	4.714
chr19	2287886	4.714
chr19	2304131	5.051
chr19	2304197	5.051
chr19	2377650	5.387
chr19	2501356	5.387
chr19	2603906	5.724
chr19	2763311	5.724
chr19	2765330	6.061
chr19	2807309	6.061
chr19	2878967	7.071
chr19	2893474	7.071
chr19	2941366	7.283
chr19	3121048	8.647
chr19	3154947	8.754
chr19	3234883	8.754
chr19	3267477	9.091
chr19	3267532	9.091
chr19	3356704	9.428
chr19	3357033	9.428
chr19	3470776	9.764
chr19	3470870	9.764
chr19	3513244	10.438
chr19	3550451	10.438
chr19	3597519	10.774
chr19	3783479	10.774
chr19	3866543	11.022
chr19	3904904	11.474
chr19	3945187	11.594
chr19	4009050	12.011
chr19	4040307	12.121
chr19	4040656	12.121
chr19	4112406	12.458
chr19	4233302	12.458
chr19	4355246	12.795
chr19	4396988	12.795
chr19	4507500	13.043
chr19	4547114	13.805
chr19	4547122	13.805
chr19	4576035	13.805
chr19	4581822	14.141
chr19	4704974	14.141
chr19	4720286	14.478
chr19	4739051	14.478
chr19	4835810	14.814
chr19	4836103	14.818
chr19	4843853	14.900
chr19	4857584	15.382
chr19	4867570	15.488
chr19	4867894	15.488
chr19	4894660	15.825
chr19	4898039	15.825
chr19	4937052	16.162
chr19	5018508	16.162
chr19	5046395	16.835
chr19	5431308	16.835
chr19	5464853	16.960
chr19	5509083	17.462
chr19	5521523	17.509
chr19	5646870	17.509
chr19	5699018	17.845
chr19	5864485	17.845
chr19	5919612	18.182
chr19	5919956	18.182
chr19	6005943	18.519
chr19	6274722	18.519
chr19	6294362	18.855
chr19	6614962	18.855
chr19	6676545	19.529
chr19	6752664	19.529
chr19	6798461	20.539
chr19	6938186	20.539
chr19	7070046	20.876
chr19	7147548	20.876
chr19	7179980	21.162
chr19	7185678	21.530
chr19	7186019	21.549
chr19	7237284	21.549
chr19	7271092	21.886
chr19	7271097	21.886
chr19	7313796	22.222
chr19	7342305	22.222
chr19	7413198	22.559
chr19	7511168	22.559
chr19	7561181	23.233
chr19	7561564	23.233
chr19	7585169	23.569
chr19	7596877	23.569
chr19	7644945	23.906
chr19	7781159	23.906
chr19	7805549	24.243
chr19	7842421	24.243
chr19	7865521	24.363
chr19	7906847	24.837
chr19	7907255	24.839
chr19	7919592	25.006
chr19	7953275	25.253
chr19	7953315	25.253
chr19	8037428	25.589
chr19	8037591	25.589
chr19	8045453	25.926
chr19	8156379	25.926
chr19	8199061	26.263
chr19	8336587	26.263
chr19	8380528	26.600
chr19	8380604	26.600
chr19	8390942	26.936
chr19	8458857	26.936
chr19	8476688	27.273
chr19	8690121	27.273
chr19	8710011	27.374
chr19	8735164	27.838
chr19	8822707	28.283
chr19	8822978	28.283
chr19	8869010	28.956
chr19	8869576	28.956
chr19	8882526	29.293
chr19	9039143	29.293
chr19	9100210	30.977
chr19	9177255	30.977
chr19	9177319	30.977
chr19	9279063	31.650
chr19	9449725	31.650
chr19	9469669	32.323
chr19	9531972	32.323
chr19	9532047	32.325
chr19	9548170	32.993
chr19	9548382	32.997
chr19	9722901	32.997
chr19	9744796	33.334
chr19	9955043	33.334
chr19	10057801	33.629
chr19	10072185	33.734
chr19	10210724	34.344
chr19	10309660	34.344
chr19	10349254	34.680
chr19	10510359	34.680
chr19	10515536	35.017
chr19	10552958	35.017
chr19	10582788	35.354
chr19	10732335	35.354
chr19	10886225	35.667
chr19	10897610	35.758
chr19	10943108	36.027
chr19	10948606	36.027
chr19	11059621	36.364
chr19	11116700	36.364
chr19	11154403	36.561
chr19	11157916	36.917
chr19	11180955	37.037
chr19	11259383	37.037
chr19	11310875	37.374
chr19	11403274	37.374
chr19	11450197	37.711
chr19	11700771	37.711
chr19	11710606	38.047
chr19	11710973	38.047
chr19	11764631	38.384
chr19	11869121	38.384
chr19	11887624	38.721
chr19	11934168	38.721
chr19	11979770	39.058
chr19	11980169	39.058
chr19	12031375	39.394
chr19	12336496	39.394
chr19	12443343	39.731
chr19	12675932	39.731
chr19	12721811	40.068
chr19	12730297	40.068
chr19	12781674	40.404
chr19	12839724	40.740
chr19	12839861	40.742
chr19	12890307	41.078
chr19	13154065	41.078
chr19	13164802	41.414
chr19	13238682	41.414
chr19	13272699	41.701
chr19	13278360	42.422
chr19	13278616	42.425
chr19	13332991	42.425
chr19	13343349	42.761
chr19	13369684	42.761
chr19	13408567	43.098
chr19	13473688	43.098
chr19	13521608	43.435
chr19	13636060	43.435
chr19	13658489	43.502
chr19	13690755	43.936
chr19	13747858	44.108
chr19	13748900	44.108
chr19	13876063	44.445
chr19	13939158	44.445
chr19	13952758	44.761
chr19	13968145	45.172
chr19	14024589	46.045
chr19	14048323	46.128
chr19	14048326	46.128
chr19	14048329	46.128
chr19	14158298	47.715
chr19	14158344	47.715
chr19	14166856	48.129
chr19	14167384	48.149
chr19	14197592	48.149
chr19	14197625	48.149
chr19	14269033	48.822
chr19	14269041	48.822
chr19	14400753	48.822
chr19	14418505	49.159
chr19	14534850	49.159
chr19	14548516	49.495
chr19	14554322	49.495
chr19	14554825	49.498
chr19	14628368	50.503
chr19	14628652	50.506
chr19	14629058	50.506
chr19	14699772	50.842
chr19	14813096	50.842
chr19	14843747	50.943
chr19	14915019	51.515
chr19	14915046	51.516
chr19	14951817	51.516
chr19	14953234	51.852
chr19	15156143	51.852
chr19	15183881	52.189
chr19	15184020	52.189
chr19	15210788	52.526
chr19	15221108	52.526
chr19	15247488	53.199
chr19	15692941	53.199
chr19	15708742	53.536
chr19	15763207	53.536
chr19	15768875	53.873
chr19	16399344	53.873
chr20	0	0.000
chr20	467590	0.000
chr20	496759	0.337
chr20	499890	0.337
chr20	542669	0.673
chr20	592095	0.673
chr20	612892	1.010
chr20	647224	1.010
chr20	655041	1.347
chr20	744315	1.347
chr20	766409	1.684
chr20	900510	1.684
chr20	928655	2.020
chr20	929017	2.020
chr20	950586	2.694
chr20	1031126	2.694
chr20	1053993	3.704
chr20	1148051	3.704
chr20	1198706	4.040
chr20	1247373	4.040
chr20	1290549	4.377
chr20	1490196	4.377
chr20	1537265	4.618
chr20	1556015	5.049
chr20	1556090	5.051
chr20	1801277	5.051
chr20	1841521	5.387
chr20	1942497	5.387
chr20	1961080	6.061
chr20	2017989	6.061
chr20	2035446	6.397
chr20	2054168	6.397
chr20	2077036	6.734
chr20	2083931	6.734
chr20	2143365	7.071
chr20	2143698	7.071
chr20	2143885	7.072
chr20	2201362	7.677
chr20	2215795	7.744
chr20	2258066	7.744
chr20	2286471	8.081
chr20	2400026	8.081
chr20	2425762	8.249
chr20	2451700	8.751
chr20	2451962	8.754
chr20	2477816	8.754
chr20	2503505	8.915
chr20	2531693	9.424
chr20	2531982	9.428
chr20	2587565	9.428
chr20	2727739	9.764
chr20	2795037	9.764
chr20	2823097	10.101
chr20	2910261	10.101
chr20	2957563	10.438
chr20	3106146	10.438
chr20	3233005	10.774
chr20	3233101	10.775
chr20	3285603	11.219
chr20	3312454	11.275
chr20	3380188	11.751
chr20	3394686	12.118
chr20	3396499	12.121
chr20	3396511	12.121
chr20	3396697	12.795
chr20	3654515	12.795
chr20	3701809	13.131
chr20	3857440	13.131
chr20	3913936	13.317
chr20	3942615	13.747
chr20	3960108	13.805
chr20	4006348	13.805
chr20	4009600	13.884
chr20	4019082	14.452
chr20	4033927	14.815
chr20	4034325	14.815
chr20	4058019	15.488
chr20	4073809	15.488
chr20	4087444	15.825
chr20	4256686	15.825
chr20	4324849	16.162
chr20	4384307	16.162
chr20	4401136	16.498
chr20	4563337	16.498
chr20	4600889	17.509
chr20	4718209	17.509
chr20	4718226	17.509
chr20	4745235	18.187
chr20	4771407	18.519
chr20	5142098	18.519
chr20	5215102	18.855
chr20	5223118	18.855
chr20	5239430	19.192
chr20	5508380	19.192
chr20	5598584	19.529
chr20	5693770	19.529
chr20	5814744	19.865
chr20	5840372	19.865
chr20	5865515	20.202
chr20	5989078	20.202
chr20	6033186	20.539
chr20	6243712	20.539
chr20	6317778	20.876
chr20	6331700	20.876
chr20	6362216	21.212
chr20	6446714	21.212
chr20	6491397	21.549
chr20	6560881	21.549
chr20	6579110	21.886
chr20	6579350	21.886
chr20	6579405	21.886
chr20	6626130	22.456
chr20	6646803	22.559
chr20	6665540	22.559
chr20	6688388	22.896
chr20	6739941	22.896
chr20	6785048	23.233
chr20	6849558	23.233
chr20	6868609	23.270
chr20	7009768	23.888
chr20	7010060	23.889
chr20	7018589	24.038
chr20	7053408	24.579
chr20	7068812	24.579
chr20	7121545	25.253
chr20	7199740	25.253
chr20	7199754	25.254
chr20	7205641	26.581
chr20	7205986	26.600
chr20	7246740	26.600
chr20	7263117	26.936
chr20	7360720	26.936
chr20	7410180	27.273
chr20	7412336	27.273
chr20	7412609	27.275
chr20	7443569	27.837
chr20	7458560	27.946
chr20	7582890	27.946
chr20	7583191	27.948
chr20	7656636	28.561
chr20	7700220	29.258
chr20	7700549	29.263
chr20	7767807	29.630
chr20	7784680	29.630
chr20	7813488	29.783
chr20	7847899	30.303
chr20	7847935	30.303
chr20	7848642	30.303
chr20	7890270	30.640
chr20	7911687	30.640
chr20	7924401	31.313
chr20	7924404	31.313
chr20	7924432	31.314
chr20	7963837	31.671
chr20	7998626	32.103
chr20	7998710	32.104
chr20	8064048	32.323
chr20	8064149	32.324
chr20	8136362	32.660
chr20	8166450	32.660
chr20	8318555	32.997
chr20	8318557	32.997
chr20	8318770	32.999
chr20	8331158	33.426
chr20	8364711	33.670
chr20	8364782	33.670
chr20	8414571	34.007
chr20	8505493	34.007
chr20	8571698	34.681
chr20	8612602	34.681
chr20	8723005	35.017
chr20	8821645	35.017
chr20	8893240	35.691
chr20	8893510	35.691
chr20	8893567	36.027
chr20	9163246	36.027
chr20	9216132	36.364
chr20	9324700	36.364
chr20	9354709	36.701
chr20	9386579	36.701
chr20	9396349	37.037
chr20	9396433	37.037
chr20	9493992	37.374
chr20	9716272	37.374
chr20	9809267	38.384
chr20	10206962	38.384
chr20	10206997	38.384
chr20	10326179	38.962
chr20	10373697	39.058
chr20	10401586	39.058
chr20	10444182	39.240
chr20	10480214	39.680
chr20	10514576	39.951
chr20	10529278	40.252
chr20	10541446	40.404
chr20	10757359	40.404
chr20	10807568	40.741
chr20	10958009	40.741
chr20	11024922	41.000
chr20	11132350	41.750
chr20	11132839	41.751
chr20	11142996	41.751
chr20	11152320	42.088
chr20	11162967	42.088
chr20	11241113	42.425
chr20	11303788	42.425
chr20	11303874	42.425
chr20	11524630	43.682
chr20	11547165	43.741
chr20	11558521	44.108
chr20	11632192	44.445
chr20	11789969	44.445
chr20	11828724	44.782
chr20	12063320	44.782
chr20	12253727	47.139
chr20	12564955	47.139
chr20	12618828	47.475
chr20	12618873	47.475
chr20	12662291	47.812
chr20	12678277	47.812
chr20	12806438	48.032
chr20	12841865	48.429
chr20	12874634	48.485
chr20	12924861	48.485
chr20	12981048	48.822
chr20	12999331	48.822
chr20	13001606	49.159
chr20	13028457	49.159
chr20	13037263	49.415
chr20	13040037	49.505
chr20	13058063	49.567
chr20	13134627	50.152
chr20	13138697	50.169
chr20	13156673	50.169
chr20	13208336	50.842
chr20	13223946	50.842
chr20	13268096	51.179
chr20	13268164	51.179
chr20	13340799	51.516
chr20	13432174	51.516
chr20	13438118	51.586
chr20	13460572	52.042
chr20	13498053	52.358
chr20	13517863	52.861
chr20	13517980	52.863
chr20	13680901	52.863
chr20	13758281	53.199
chr20	13778942	53.199
chr20	13912672	53.873
chr20	14015060	53.873
chr20	14017003	54.209
chr20	14034471	54.209
chr20	14094956	54.546
chr20	14363046	54.546
chr20	14435107	54.883
chr20	14871695	54.883
chr21	0	0.000
chr21	220709	0.000
chr21	235131	0.337
chr21	418321	0.337
chr21	513637	0.673
chr21	527927	0.673
chr21	536574	1.010
chr21	642241	1.010
chr21	642306	1.010
chr21	668513	1.217
chr21	727402	2.012
chr21	727552	2.014
chr21	728202	2.201
chr21	728224	2.208
chr21	728762	2.357
chr21	894536	2.357
chr21	951803	2.694
chr21	951807	2.694
chr21	1069212	3.031
chr21	1244263	3.031
chr21	1271421	3.368
chr21	1356250	3.368
chr21	1368285	3.704
chr21	1410975	4.041
chr21	1569254	4.041
chr21	1586181	4.378
chr21	1836404	4.378
chr21	1856502	4.534
chr21	1879826	5.051
chr21	1904415	5.051
chr21	1930681	5.388
chr21	1994115	5.388
chr21	1994120	5.388
chr21	2116615	6.296
chr21	2117024	6.298
chr21	2210506	7.408
chr21	2210538	7.408
chr21	2244108	7.408
chr21	2273671	7.745
chr21	2283578	7.745
chr21	2283927	8.081
chr21	2337192	8.081
chr21	2453066	8.755
chr21	2552840	9.092
chr21	2552886	9.092
chr21	2569268	9.231
chr21	2592532	9.656
chr21	2603682	9.765
chr21	2603684	9.765
chr21	2627424	10.102
chr21	2689235	10.102
chr21	2712039	10.438
chr21	2712065	10.438
chr21	2767952	11.112
chr21	2796454	11.112
chr21	2829783	11.448
chr21	2832620	11.448
chr21	2924764	12.122
chr21	3006246	12.122
chr21	3032550	12.459
chr21	3242802	12.459
chr21	3257267	12.795
chr21	3291224	12.795
chr21	3291251	12.795
chr21	3369641	13.696
chr21	3384882	13.805
chr21	3489502	13.805
chr21	3497764	13.833
chr21	3575227	14.430
chr21	3575248	14.430
chr21	3589694	14.641
chr21	3589771	14.642
chr21	3605216	15.145
chr21	3605563	15.152
chr21	3715779	15.152
chr21	3796266	15.489
chr21	3796597	15.489
chr21	3822736	15.826
chr21	3862584	15.826
chr21	3917412	16.162
chr21	3917764	16.162
chr21	3994647	16.499
chr21	3994663	16.499
chr21	4006045	16.572
chr21	4100324	17.509
chr21	4100392	17.509
chr21	4109653	17.509
chr21	4139631	18.183
chr21	4208889	18.183
chr21	4273070	18.519
chr21	4612616	18.519
chr21	4665631	18.687
chr21	4719162	19.193
chr21	4719183	19.193
chr21	4719216	19.193
chr21	4756917	19.529
chr21	4947453	19.529
chr21	5007270	19.866
chr21	5543250	19.866
chr21	5558770	20.203
chr21	5854840	20.203
chr21	5899080	20.876
chr21	5966997	20.876
chr21	5966998	20.876
chr21	6056696	21.886
chr21	6056711	21.886
chr21	6111139	21.886
chr21	6125925	22.223
chr21	6141547	22.223
chr21	6241781	22.560
chr21	6252132	22.560
chr21	6252150	22.560
chr21	6423927	23.233
chr21	6845301	23.233
chr21	6974835	23.906
chr21	6984323	23.906
chr21	7088645	24.243
chr21	7150996	24.243
chr21	7253728	24.580
chr21	7586354	24.580
chr21	7790292	24.917
chr21	7865753	24.917
chr21	7865764	24.917
chr21	7902578	25.590
chr21	7902601	25.590
chr21	7923064	25.590
chr21	7955378	25.927
chr21	8097454	25.927
chr21	8233309	26.600
chr21	8288107	26.600
chr21	8327577	27.274
chr21	8327663	27.274
chr21	8336897	27.610
chr21	8336915	27.610
chr21	8379517	27.947
chr21	8508223	27.947
chr21	8600369	28.284
chr21	8604933	28.284
chr21	8613578	28.334
chr21	8694237	29.474
chr21	8721323	29.630
chr21	8861469	29.630
chr21	8881868	29.967
chr21	8894412	29.967
chr21	8954442	30.304
chr21	8954445	30.304
chr21	9064645	30.641
chr21	9135687	30.641
chr21	9223467	30.977
chr21	9223483	30.977
chr21	9223814	30.980
chr21	9262675	31.651
chr21	9632026	31.651
chr21	9745355	31.987
chr21	9754801	31.987
chr21	9814487	32.324
chr21	9852153	32.379
chr21	9852170	32.379
chr21	10044594	34.511
chr21	10044833	34.513
chr21	10066187	34.681
chr21	10066261	34.681
chr21	10117566	35.018
chr21	10118032	35.018
chr21	10155628	35.134
chr21	10160544	35.205
chr21	10215322	36.330
chr21	10215333	36.330
chr21	10231904	36.381
chr21	10334910	37.023
chr21	10339530	37.038
chr21	10348522	37.038
chr21	10406657	37.375
chr21	10455999	37.375
chr21	10532199	37.711
chr21	10590975	37.711
chr21	10734031	38.048
chr21	10820398	38.048
chr21	10859460	38.385
chr21	11006720	38.385
chr21	11045364	38.721
chr21	11075639	38.721
chr21	11115979	38.985
chr21	11157954	40.268
chr21	11230480	40.742
chr21	11380735	40.742
chr21	11396999	41.078
chr21	11397002	41.078
chr21	11430918	41.415
chr21	11468986	41.415
chr21	11472345	41.430
chr21	11513138	41.786
chr21	11553300	42.472
chr21	11553519	42.474
chr21	11553524	42.474
chr21	11616495	43.434
chr21	11616567	43.435
chr21	11616920	43.435
chr21	11657568	43.772
chr21	11658249	43.772
chr21	11658282	43.772
chr21	11714616	44.782
chr21	11714647	44.782
chr21	11714678	44.782
chr21	11730799	45.119
chr21	11772204	45.119
chr21	11778209	45.453
chr21	11778251	45.456
chr21	11817493	45.792
chr21	11874686	45.792
chr21	11920886	46.466
chr21	12012003	46.466
chr21	12033022	46.802
chr21	12064905	46.802
chr21	12100817	47.139
chr21	12148526	47.139
chr21	12203383	47.812
chr21	12241577	47.812
chr21	12260663	48.149
chr21	13359691	48.149
